which_des,which_obj,which_resonance,which_conditions_checked
15760,0,not_resonant,none
15788,1,32,0
15789,2,32,0
15807,3,not_resonant,none
15809,4,other,0
15810,5,32,0
15820,6,32,0
15836,7,other,0
15874,8,not_resonant,none
15875,9,32,0
15883,10,not_resonant,none
16684,11,not_resonant,none
19255,12,not_resonant,none
19299,13,32,0
19308,14,not_resonant,none
19521,15,not_resonant,none
20000,16,not_resonant,none
20108,17,32,0
20161,18,21,0
24835,19,not_resonant,none
24952,20,32,0
24978,21,not_resonant,none
26181,22,not_resonant,none
26308,23,21,0
26375,24,52,0
28978,25,32,0
29981,26,not_resonant,none
32929,27,32,0
33001,28,not_resonant,none
33128,29,not_resonant,none
33340,30,32,0
35671,31,not_resonant,none
38083,32,not_resonant,none
38084,33,52,0
38628,34,32,0
40314,35,not_resonant,none
42301,36,other,0
42355,37,not_resonant,none
44594,38,not_resonant,none
45802,39,not_resonant,none
47171,40,32,0
47932,41,32,0
48639,42,not_resonant,none
49673,43,not_resonant,none
50000,44,not_resonant,none
52747,45,not_resonant,none
53311,46,not_resonant,none
54520,47,not_resonant,none
55565,48,not_resonant,none
55636,49,not_resonant,none
55637,50,not_resonant,none
55638,51,32,0
58534,52,not_resonant,none
59358,53,not_resonant,none
60454,54,not_resonant,none
60458,55,not_resonant,none
60608,56,not_resonant,none
60620,57,other,0
60621,58,52,0
65489,59,not_resonant,none
66452,60,not_resonant,none
66652,61,other,0
69986,62,32,0
69987,63,not_resonant,none
69988,64,52,0
69990,65,32,0
73480,66,not_resonant,none
76803,67,not_resonant,none
78799,68,not_resonant,none
79360,69,not_resonant,none
79969,70,other,0
79978,71,not_resonant,none
79983,72,not_resonant,none
80806,73,not_resonant,none
82075,74,other,0
82155,75,not_resonant,none
82157,76,not_resonant,none
84522,77,52,0
84719,78,32,0
84922,79,32,0
85627,80,not_resonant,none
85633,81,not_resonant,none
86047,82,not_resonant,none
86177,83,not_resonant,none
87555,84,not_resonant,none
88267,85,not_resonant,none
88268,86,not_resonant,none
88611,87,not_resonant,none
90482,88,32,0
90568,89,not_resonant,none
91133,90,32,0
91205,91,32,0
91554,92,not_resonant,none
95625,93,other,0
B8228,94,32,0
B8378,95,other,0
B8379,96,not_resonant,none
B8698,97,other,0
B8702,98,not_resonant,none
B9066,99,other,0
B9067,100,other,0
B9068,101,52,0
B9069,102,32,0
B9070,103,other,0
B9473,104,32,0
B9878,105,other,0
B9951,106,not_resonant,none
B9956,107,other,0
B9979,108,21,0
C0132,109,not_resonant,none
C0178,110,not_resonant,none
C0181,111,not_resonant,none
C0216,112,32,0
C0347,113,not_resonant,none
C0348,114,not_resonant,none
C3509,115,not_resonant,none
C6154,116,other,0
C6155,117,32,0
C6619,118,other,0
C6719,119,not_resonant,none
C7546,120,not_resonant,none
C7871,121,other,0
C9746,122,32,0
C9772,123,not_resonant,none
D0391,124,21,0
D1318,125,32,0
D1695,126,not_resonant,none
D1696,127,other,0
D1697,128,other,0
D3067,129,32,0
D4210,130,not_resonant,none
D4340,131,not_resonant,none
D4568,132,other,0
D4860,133,not_resonant,none
D5024,134,other,0
D5182,135,not_resonant,none
D5571,136,52,0
D5742,137,other,0
D6108,138,not_resonant,none
D6120,139,not_resonant,none
D6199,140,not_resonant,none
D6472,141,not_resonant,none
D7294,142,not_resonant,none
D7295,143,21,0
D8537,144,not_resonant,none
D8628,145,not_resonant,none
D9775,146,32,0
E3685,147,other,0
E3707,148,52,0
E3751,149,other,0
E3991,150,not_resonant,none
E4897,151,not_resonant,none
E5451,152,not_resonant,none
E5452,153,not_resonant,none
E5453,154,not_resonant,none
E5474,155,not_resonant,none
E5480,156,not_resonant,none
E8112,157,not_resonant,none
E8780,158,not_resonant,none
E9348,159,not_resonant,none
E9349,160,other,0
E9560,161,not_resonant,none
F0642,162,not_resonant,none
G0091,163,not_resonant,none
G0147,164,other,0
G0148,165,other,0
G0256,166,not_resonant,none
G8700,167,32,0
G8703,168,not_resonant,none
G9071,169,32,0
H4567,170,not_resonant,none
H5113,171,not_resonant,none
I1708,172,not_resonant,none
I1855,173,not_resonant,none
I1867,174,other,0
I1868,175,not_resonant,none
I1871,176,not_resonant,none
I1874,177,not_resonant,none
I1902,178,not_resonant,none
I2222,179,other,0
I2223,180,not_resonant,none
I2294,181,not_resonant,none
I2397,182,other,0
I2926,183,not_resonant,none
I2933,184,other,0
I2934,185,not_resonant,none
I3595,186,not_resonant,none
I3963,187,not_resonant,none
I3964,188,other,0
I4212,189,not_resonant,none
I4314,190,not_resonant,none
K2421,191,not_resonant,none
K8996,192,32,0
M5088,193,not_resonant,none
M9762,194,not_resonant,none
N0965,195,not_resonant,none
O1097,196,not_resonant,none
R5809,197,not_resonant,none
R8361,198,other,0
U3712,199,not_resonant,none
U3775,200,not_resonant,none
U5543,201,not_resonant,none
U6792,202,32,0
U7251,203,not_resonant,none
U7261,204,not_resonant,none
U7463,205,32,0
U7616,206,not_resonant,none
U7982,207,not_resonant,none
U8193,208,not_resonant,none
U8379,209,21,0
U8460,210,other,0
U8634,211,not_resonant,none
U9239,212,not_resonant,none
V2645,213,21,0
V5530,214,not_resonant,none
V6179,215,not_resonant,none
Y1520,216,32,0
Z3222,217,not_resonant,none
a3330,218,not_resonant,none
a3401,219,not_resonant,none
a4171,220,not_resonant,none
c5185,221,32,0
c5191,222,not_resonant,none
c5194,223,not_resonant,none
c5199,224,not_resonant,none
c5201,225,not_resonant,none
c5266,226,not_resonant,none
c5362,227,not_resonant,none
c5363,228,not_resonant,none
c5437,229,not_resonant,none
c5445,230,32,0
c5446,231,other,0
c5447,232,not_resonant,none
c5458,233,not_resonant,none
c5527,234,other,0
c5528,235,not_resonant,none
c5533,236,not_resonant,none
c5571,237,other,0
c5607,238,other,0
c5695,239,other,0
c6723,240,not_resonant,none
e8832,241,not_resonant,none
f3666,242,not_resonant,none
f5720,243,not_resonant,none
f6400,244,not_resonant,none
g0356,245,not_resonant,none
g7581,246,other,0
g7614,247,not_resonant,none
h2949,248,other,0
h4194,249,not_resonant,none
h4390,250,not_resonant,none
h4709,251,other,0
h7360,252,not_resonant,none
h7871,253,not_resonant,none
h7915,254,other,0
h8028,255,32,0
h9858,256,not_resonant,none
i3843,257,not_resonant,none
i4018,258,not_resonant,none
i4025,259,not_resonant,none
i4030,260,not_resonant,none
i4745,261,32,0
j0265,262,32,0
j1657,263,not_resonant,none
j5171,264,not_resonant,none
j5206,265,not_resonant,none
j5209,266,not_resonant,none
j5502,267,32,0
j6826,268,32,0
k8422,269,not_resonant,none
k9306,270,other,0
k9333,271,not_resonant,none
k9361,272,not_resonant,none
k9362,273,32,0
k9372,274,32,0
k9420,275,other,0
k9421,276,32,0
k9438,277,not_resonant,none
k9442,278,not_resonant,none
k9505,279,21,0
k9506,280,32,0
k9509,281,not_resonant,none
k9514,282,not_resonant,none
k9584,283,other,0
k9610,284,not_resonant,none
k9615,285,not_resonant,none
k9704,286,32,0
k9705,287,not_resonant,none
k9707,288,32,0
k9708,289,32,0
k9987,290,32,0
l0027,291,not_resonant,none
l0083,292,21,0
l0308,293,not_resonant,none
l0309,294,other,0
l0316,295,not_resonant,none
l0443,296,not_resonant,none
l0523,297,other,0
l0593,298,not_resonant,none
l0596,299,not_resonant,none
l0599,300,not_resonant,none
l1137,301,not_resonant,none
l1143,302,other,0
l1150,303,not_resonant,none
l1151,304,52,0
l1152,305,not_resonant,none
l1155,306,not_resonant,none
l1165,307,not_resonant,none
l1172,308,52,0
l1196,309,not_resonant,none
l1210,310,not_resonant,none
l1272,311,not_resonant,none
l1288,312,not_resonant,none
l1318,313,not_resonant,none
l1325,314,not_resonant,none
l1921,315,not_resonant,none
l1954,316,not_resonant,none
l2231,317,not_resonant,none
l2232,318,not_resonant,none
l2235,319,52,0
l2262,320,not_resonant,none
l2271,321,not_resonant,none
m0017,322,not_resonant,none
m2824,323,not_resonant,none
m3002,324,not_resonant,none
m7581,325,21,0
m8644,326,not_resonant,none
n1767,327,32,0
n1768,328,not_resonant,none
n3480,329,not_resonant,none
n5189,330,21,0
n5190,331,not_resonant,none
n5297,332,other,0
n5603,333,52,0
n5613,334,not_resonant,none
n9514,335,other,0
o0828,336,other,0
o0829,337,not_resonant,none
o0830,338,not_resonant,none
o0831,339,not_resonant,none
o0832,340,not_resonant,none
o0833,341,32,0
o0834,342,32,0
o0835,343,not_resonant,none
o0836,344,not_resonant,none
o0837,345,not_resonant,none
o0838,346,not_resonant,none
o0839,347,not_resonant,none
o0840,348,not_resonant,none
o0856,349,not_resonant,none
o0876,350,not_resonant,none
o0877,351,21,0
o0878,352,not_resonant,none
o0879,353,other,0
o0880,354,21,0
o0881,355,not_resonant,none
o0882,356,other,0
o0883,357,32,0
o0884,358,32,0
o0885,359,32,0
o0886,360,not_resonant,none
o0887,361,not_resonant,none
o0888,362,not_resonant,none
o1105,363,not_resonant,none
o1546,364,other,0
o1581,365,not_resonant,none
o3858,366,32,0
o3883,367,other,0
o4555,368,32,0
o4847,369,not_resonant,none
o5412,370,not_resonant,none
o5446,371,not_resonant,none
o5447,372,not_resonant,none
o5448,373,not_resonant,none
o5476,374,not_resonant,none
o5477,375,not_resonant,none
o5624,376,not_resonant,none
o5679,377,21,0
o6121,378,not_resonant,none
o6439,379,not_resonant,none
o8770,380,not_resonant,none
o8788,381,not_resonant,none
o8792,382,other,0
o8823,383,32,0
o8869,384,not_resonant,none
p1551,385,not_resonant,none
p1552,386,not_resonant,none
p1553,387,not_resonant,none
p1554,388,not_resonant,none
p1555,389,other,0
p4312,390,not_resonant,none
p6977,391,not_resonant,none
p7717,392,not_resonant,none
q3588,393,not_resonant,none
q3591,394,not_resonant,none
q3601,395,not_resonant,none
q3615,396,not_resonant,none
q3617,397,21,0
q3618,398,32,0
q3624,399,other,0
q3627,400,not_resonant,none
q3629,401,not_resonant,none
q3634,402,not_resonant,none
q3635,403,not_resonant,none
q3639,404,other,0
q3640,405,not_resonant,none
q3642,406,not_resonant,none
q3644,407,32,0
q3645,408,not_resonant,none
q3646,409,other,0
q3647,410,not_resonant,none
q3652,411,not_resonant,none
q3653,412,not_resonant,none
q3655,413,32,0
q3658,414,not_resonant,none
q3659,415,not_resonant,none
q3671,416,not_resonant,none
q3672,417,not_resonant,none
q3674,418,not_resonant,none
q3675,419,other,0
q3677,420,other,0
q3678,421,not_resonant,none
q3680,422,not_resonant,none
q3681,423,not_resonant,none
q3683,424,not_resonant,none
q3684,425,not_resonant,none
q3687,426,not_resonant,none
q3688,427,other,0
q3689,428,not_resonant,none
q3690,429,not_resonant,none
q3691,430,21,0
q3692,431,not_resonant,none
q3693,432,other,0
q3695,433,not_resonant,none
q3696,434,not_resonant,none
q3697,435,32,0
q3698,436,not_resonant,none
q3699,437,not_resonant,none
q3700,438,32,0
q3701,439,32,0
q3702,440,not_resonant,none
q3703,441,32,0
q3704,442,32,0
q3705,443,not_resonant,none
q3706,444,not_resonant,none
q3710,445,not_resonant,none
q3711,446,not_resonant,none
q3712,447,not_resonant,none
q3713,448,52,0
q3715,449,32,0
q3716,450,not_resonant,none
q3717,451,32,0
q3718,452,not_resonant,none
q3720,453,not_resonant,none
q3721,454,not_resonant,none
q3722,455,not_resonant,none
q3723,456,not_resonant,none
q3724,457,not_resonant,none
q3725,458,not_resonant,none
q3726,459,not_resonant,none
q3730,460,not_resonant,none
q3731,461,other,0
q3733,462,not_resonant,none
q3734,463,not_resonant,none
q3735,464,not_resonant,none
q3736,465,not_resonant,none
q3738,466,not_resonant,none
q3739,467,not_resonant,none
q3741,468,not_resonant,none
q3742,469,other,0
q3743,470,other,0
q3744,471,not_resonant,none
q3745,472,not_resonant,none
q3746,473,not_resonant,none
q3748,474,not_resonant,none
q3749,475,other,0
q3750,476,not_resonant,none
q3751,477,32,0
q3752,478,not_resonant,none
q3753,479,not_resonant,none
q3755,480,not_resonant,none
q3756,481,not_resonant,none
q3757,482,not_resonant,none
q3758,483,not_resonant,none
q3759,484,not_resonant,none
q3760,485,32,0
q3761,486,not_resonant,none
q3762,487,not_resonant,none
q3763,488,not_resonant,none
q3764,489,32,0
q3765,490,not_resonant,none
q3766,491,32,0
q3767,492,not_resonant,none
q3768,493,32,0
q3769,494,52,0
q3770,495,not_resonant,none
q3771,496,not_resonant,none
q3772,497,not_resonant,none
q3773,498,not_resonant,none
q3774,499,not_resonant,none
q3776,500,not_resonant,none
q3777,501,other,0
q3778,502,not_resonant,none
q3780,503,not_resonant,none
q3787,504,not_resonant,none
q3789,505,not_resonant,none
q3793,506,not_resonant,none
q3794,507,other,0
q3797,508,not_resonant,none
q3798,509,not_resonant,none
q3800,510,not_resonant,none
q3899,511,not_resonant,none
q3955,512,other,0
q3965,513,not_resonant,none
q3983,514,not_resonant,none
q4049,515,not_resonant,none
q4179,516,21,0
q4216,517,32,0
q4217,518,not_resonant,none
q4365,519,52,0
q4366,520,not_resonant,none
q4435,521,not_resonant,none
q4457,522,other,0
q4460,523,32,0
q4531,524,not_resonant,none
q4612,525,not_resonant,none
q4613,526,not_resonant,none
q4747,527,not_resonant,none
q4834,528,not_resonant,none
q5257,529,other,0
q5258,530,32,0
q5460,531,not_resonant,none
q5461,532,not_resonant,none
q5462,533,not_resonant,none
q5595,534,not_resonant,none
q5596,535,not_resonant,none
q5729,536,not_resonant,none
q5815,537,52,0
q5816,538,other,0
q7604,539,other,0
q8219,540,not_resonant,none
q8381,541,other,0
q9780,542,not_resonant,none
q9823,543,not_resonant,none
q9938,544,32,0
q9940,545,not_resonant,none
r0055,546,other,0
r0231,547,not_resonant,none
r0838,548,32,0
r0839,549,other,0
r0930,550,other,0
r0941,551,not_resonant,none
r0955,552,not_resonant,none
r1015,553,not_resonant,none
r1016,554,not_resonant,none
r1017,555,52,0
r1040,556,not_resonant,none
r1074,557,21,0
r1075,558,not_resonant,none
r1076,559,not_resonant,none
r1077,560,32,0
r1141,561,not_resonant,none
r1142,562,not_resonant,none
r1224,563,not_resonant,none
r1682,564,not_resonant,none
r1683,565,other,0
r1684,566,not_resonant,none
r1917,567,other,0
r2026,568,not_resonant,none
r2027,569,not_resonant,none
r2037,570,not_resonant,none
r2038,571,not_resonant,none
r2039,572,other,0
r2092,573,32,0
r2093,574,not_resonant,none
r2095,575,not_resonant,none
r2184,576,not_resonant,none
r3028,577,other,0
r3085,578,other,0
r3205,579,not_resonant,none
r3206,580,not_resonant,none
r3207,581,not_resonant,none
r3208,582,not_resonant,none
r3209,583,32,0
r3210,584,other,0
r3211,585,other,0
r3397,586,not_resonant,none
r3398,587,other,0
r3506,588,not_resonant,none
r3507,589,not_resonant,none
r3508,590,other,0
r3560,591,not_resonant,none
r3561,592,not_resonant,none
r3562,593,32,0
r3563,594,not_resonant,none
r3676,595,not_resonant,none
r3704,596,not_resonant,none
r3868,597,not_resonant,none
r4073,598,not_resonant,none
r4074,599,other,0
r4161,600,32,0
r4314,601,other,0
r4315,602,32,0
r4405,603,not_resonant,none
r4625,604,not_resonant,none
r4626,605,21,0
r4627,606,other,0
r4631,607,not_resonant,none
r5017,608,not_resonant,none
r5018,609,not_resonant,none
r5019,610,other,0
r5020,611,not_resonant,none
r5021,612,not_resonant,none
r5022,613,other,0
r5023,614,not_resonant,none
r5024,615,32,0
r5025,616,21,0
r5026,617,not_resonant,none
r5027,618,not_resonant,none
r5028,619,not_resonant,none
r5029,620,32,0
r5030,621,not_resonant,none
r5031,622,not_resonant,none
r5032,623,32,0
r5167,624,32,0
r5168,625,32,0
r5169,626,not_resonant,none
r5228,627,not_resonant,none
r5229,628,32,0
r5230,629,not_resonant,none
r5231,630,32,0
r5466,631,not_resonant,none
r5986,632,not_resonant,none
r5987,633,not_resonant,none
r5988,634,other,0
r5989,635,not_resonant,none
r5990,636,not_resonant,none
r5991,637,52,0
r5992,638,not_resonant,none
r5993,639,not_resonant,none
r5994,640,not_resonant,none
r6287,641,not_resonant,none
r6919,642,not_resonant,none
r6920,643,not_resonant,none
r6921,644,not_resonant,none
r6922,645,other,0
r8690,646,not_resonant,none
r8691,647,not_resonant,none
s2258,648,other,0
s2889,649,not_resonant,none
s3354,650,not_resonant,none
s3375,651,not_resonant,none
s3376,652,not_resonant,none
s3377,653,not_resonant,none
s3435,654,32,0
s3454,655,not_resonant,none
s3733,656,not_resonant,none
s3734,657,other,0
s3735,658,not_resonant,none
s4430,659,52,0
s4977,660,not_resonant,none
s5293,661,not_resonant,none
s5361,662,not_resonant,none
s6974,663,other,0
s7616,664,32,0
s7617,665,not_resonant,none
s7893,666,not_resonant,none
s8504,667,not_resonant,none
t0564,668,other,0
t2033,669,not_resonant,none
t2474,670,other,0
t2555,671,not_resonant,none
t2678,672,not_resonant,none
t2679,673,32,0
t3137,674,not_resonant,none
t3138,675,not_resonant,none
t3893,676,not_resonant,none
t3898,677,not_resonant,none
t4000,678,not_resonant,none
t4099,679,not_resonant,none
t4102,680,21,0
t4780,681,not_resonant,none
t4856,682,21,0
t4982,683,not_resonant,none
t5426,684,not_resonant,none
t5591,685,not_resonant,none
t5632,686,not_resonant,none
t5678,687,not_resonant,none
t5756,688,other,0
t5757,689,not_resonant,none
t5758,690,32,0
t5820,691,not_resonant,none
t5915,692,other,0
t5916,693,32,0
t6004,694,not_resonant,none
t6067,695,32,0
t6068,696,32,0
t6130,697,32,0
t6416,698,not_resonant,none
t8093,699,not_resonant,none
t8095,700,other,0
t8168,701,not_resonant,none
t8224,702,not_resonant,none
t9178,703,other,0
t9179,704,other,0
t9180,705,not_resonant,none
t9181,706,not_resonant,none
t9182,707,not_resonant,none
t9800,708,not_resonant,none
t9801,709,other,1
u0039,710,32,0
u0414,711,not_resonant,none
u0552,712,not_resonant,none
u4160,713,other,0
u7065,714,not_resonant,none
u8573,715,other,0
v4372,716,not_resonant,none
v4441,717,not_resonant,none
v5713,718,32,0
v6212,719,not_resonant,none
v6256,720,21,0
v6257,721,32,0
v7578,722,21,0
v7627,723,not_resonant,none
v8833,724,not_resonant,none
v8834,725,32,0
v8835,726,not_resonant,none
v8847,727,not_resonant,none
v8992,728,32,0
v8993,729,32,0
v8997,730,not_resonant,none
v9062,731,not_resonant,none
v9077,732,not_resonant,none
v9246,733,32,0
w1804,734,21,0
w3751,735,21,0
w5899,736,not_resonant,none
w5912,737,not_resonant,none
w5913,738,not_resonant,none
w7670,739,not_resonant,none
w9683,740,not_resonant,none
x1370,741,not_resonant,none
x1376,742,not_resonant,none
x1392,743,not_resonant,none
x1486,744,32,0
x2044,745,not_resonant,none
x2064,746,not_resonant,none
x2147,747,not_resonant,none
x2148,748,not_resonant,none
x2149,749,not_resonant,none
x2245,750,not_resonant,none
x2487,751,not_resonant,none
x3616,752,not_resonant,none
x3617,753,other,0
x4994,754,32,0
x7614,755,not_resonant,none
x9752,756,not_resonant,none
y0181,757,not_resonant,none
y1690,758,not_resonant,none
y2572,759,not_resonant,none
y2714,760,not_resonant,none
y2715,761,not_resonant,none
y2716,762,not_resonant,none
y3108,763,not_resonant,none
y9221,764,not_resonant,none
y9222,765,not_resonant,none
z2019,766,not_resonant,none
z2026,767,not_resonant,none
z2029,768,32,0
z2045,769,32,0
z2047,770,not_resonant,none
z2048,771,not_resonant,none
z2049,772,not_resonant,none
z2051,773,21,0
z2060,774,32,0
z2081,775,not_resonant,none
z2082,776,not_resonant,none
z2083,777,not_resonant,none
z2084,778,not_resonant,none
z2085,779,not_resonant,none
z2086,780,other,0
z2087,781,not_resonant,none
z2088,782,32,0
z2092,783,not_resonant,none
z2095,784,not_resonant,none
z2100,785,not_resonant,none
z2101,786,not_resonant,none
z2102,787,32,0
z2141,788,not_resonant,none
z2144,789,not_resonant,none
z2145,790,other,0
z2146,791,not_resonant,none
z2147,792,not_resonant,none
z2148,793,not_resonant,none
z2149,794,not_resonant,none
z2150,795,not_resonant,none
z2156,796,not_resonant,none
z2157,797,not_resonant,none
z2158,798,32,0
z2161,799,not_resonant,none
z2166,800,not_resonant,none
z2167,801,not_resonant,none
z2174,802,not_resonant,none
z2175,803,not_resonant,none
z2176,804,21,0
z2203,805,not_resonant,none
z2208,806,32,0
z2213,807,not_resonant,none
z2214,808,not_resonant,none
z2217,809,not_resonant,none
z2218,810,32,0
z2236,811,not_resonant,none
z2237,812,not_resonant,none
z2238,813,not_resonant,none
z2239,814,not_resonant,none
z2240,815,other,0
z2241,816,32,0
z2242,817,not_resonant,none
z2243,818,other,0
z2244,819,not_resonant,none
z2245,820,not_resonant,none
z2332,821,32,0
z2333,822,not_resonant,none
z2349,823,not_resonant,none
z2350,824,52,0
z2351,825,32,0
z2352,826,32,0
z2388,827,not_resonant,none
z2524,828,21,0
z2533,829,32,0
z2547,830,32,0
z2548,831,not_resonant,none
z2549,832,not_resonant,none
z2573,833,not_resonant,none
z2574,834,32,0
z2575,835,not_resonant,none
z2576,836,not_resonant,none
z2577,837,not_resonant,none
z2578,838,not_resonant,none
z2579,839,not_resonant,none
z2580,840,not_resonant,none
z2581,841,32,0
z2582,842,not_resonant,none
z2583,843,not_resonant,none
z2584,844,not_resonant,none
z2619,845,not_resonant,none
z2620,846,not_resonant,none
z2621,847,32,0
z2658,848,32,0
z2687,849,not_resonant,none
z2688,850,32,0
z2719,851,not_resonant,none
z2732,852,not_resonant,none
z2733,853,not_resonant,none
z2772,854,32,0
z2793,855,other,0
z2794,856,not_resonant,none
z2795,857,not_resonant,none
z2798,858,not_resonant,none
z2883,859,other,0
z2891,860,52,0
z2892,861,21,0
z2911,862,not_resonant,none
z2931,863,21,0
z2951,864,not_resonant,none
z2952,865,32,0
z2953,866,other,0
z2985,867,not_resonant,none
z3037,868,other,0
z3087,869,other,0
z3100,870,other,0
z3411,871,other,0
z3412,872,not_resonant,none
z3468,873,other,0
z3469,874,other,0
z3490,875,other,0
z3619,876,not_resonant,none
z3620,877,32,0
z3766,878,not_resonant,none
z3857,879,not_resonant,none
z3858,880,not_resonant,none
z3908,881,not_resonant,none
z4688,882,not_resonant,none
z6560,883,52,0
z7103,884,not_resonant,none
~000v,885,not_resonant,none
~0013,886,not_resonant,none
~001C,887,not_resonant,none
~001D,888,32,0
~001O,889,not_resonant,none
~001P,890,other,0
~001Q,891,other,0
~0086,892,21,0
~00U1,893,21,0
~00f2,894,32,0
~00nW,895,not_resonant,none
~01Gm,896,not_resonant,none
J93R00P,897,other,0
J94E02S,898,not_resonant,none
J95D02B,899,not_resonant,none
J96K01V,900,not_resonant,none
J96R20Q,901,not_resonant,none
J97G45A,902,not_resonant,none
J97Q04H,903,not_resonant,none
J97R09X,904,not_resonant,none
J98FE4S,905,not_resonant,none
J98HF1L,906,not_resonant,none
J98HF1N,907,not_resonant,none
J98HF1O,908,not_resonant,none
J98K61Y,909,not_resonant,none
J98K65S,910,not_resonant,none
J98U43R,911,32,0
J98W24V,912,not_resonant,none
J98W24X,913,not_resonant,none
J98W31S,914,32,0
J98W31V,915,32,0
J98W31W,916,not_resonant,none
J98W31Y,917,not_resonant,none
J98W31Z,918,32,0
J99CB8Y,919,not_resonant,none
J99CB8Z,920,not_resonant,none
J99CB9B,921,not_resonant,none
J99CB9C,922,not_resonant,none
J99CB9H,923,not_resonant,none
J99CB9J,924,not_resonant,none
J99CB9N,925,not_resonant,none
J99CD3Q,926,not_resonant,none
J99CF3M,927,not_resonant,none
J99CF3N,928,not_resonant,none
J99CF4G,929,not_resonant,none
J99CF4H,930,not_resonant,none
J99CF8K,931,not_resonant,none
J99D00A,932,not_resonant,none
J99D08H,933,not_resonant,none
J99G46S,934,not_resonant,none
J99H11S,935,not_resonant,none
J99H12G,936,other,0
J99H12H,937,not_resonant,none
J99H12J,938,not_resonant,none
J99JD2D,939,not_resonant,none
J99K18R,940,other,0
J99O03Z,941,not_resonant,none
J99O04A,942,not_resonant,none
J99O04C,943,not_resonant,none
J99O04D,944,not_resonant,none
J99O04G,945,not_resonant,none
J99O04H,946,not_resonant,none
J99O04K,947,not_resonant,none
J99RL4T,948,not_resonant,none
J99RL4U,949,52,0
J99RL4W,950,not_resonant,none
J99RL4X,951,not_resonant,none
J99RL4Z,952,not_resonant,none
J99RL5B,953,21,0
J99RL5G,954,not_resonant,none
J99RL5V,955,not_resonant,none
J99RL5W,956,other,0
J99RL5X,957,not_resonant,none
K00AP5F,958,not_resonant,none
K00CA4L,959,not_resonant,none
K00CA4M,960,not_resonant,none
K00CA5K,961,32,0
K00CA5L,962,not_resonant,none
K00CB4N,963,not_resonant,none
K00F08B,964,32,0
K00F08C,965,not_resonant,none
K00F08H,966,not_resonant,none
K00F53R,967,not_resonant,none
K00F53S,968,not_resonant,none
K00F53T,969,not_resonant,none
K00GE6V,970,not_resonant,none
K00GE6X,971,not_resonant,none
K00GE6Y,972,not_resonant,none
K00J81F,973,not_resonant,none
K00K04L,974,not_resonant,none
K00O51B,975,not_resonant,none
K00O67H,976,not_resonant,none
K00O67P,977,other,0
K00P29U,978,not_resonant,none
K00P29W,979,not_resonant,none
K00P29X,980,not_resonant,none
K00P29Y,981,not_resonant,none
K00P30A,982,not_resonant,none
K00P30C,983,not_resonant,none
K00P30D,984,not_resonant,none
K00P30F,985,not_resonant,none
K00P30G,986,not_resonant,none
K00P30H,987,not_resonant,none
K00P30L,988,other,1
K00P30M,989,not_resonant,none
K00P30N,990,not_resonant,none
K00QM6H,991,32,0
K00QM6L,992,other,0
K00QP1N,993,other,0
K00QP2L,994,not_resonant,none
K00SX1R,995,52,0
K00Sb0Y,996,not_resonant,none
K00W12V,997,not_resonant,none
K00WI3L,998,not_resonant,none
K00WI3M,999,not_resonant,none
K00WI3O,1000,not_resonant,none
K00Y01V,1001,not_resonant,none
K00Y01X,1002,not_resonant,none
K00Y02A,1003,not_resonant,none
K00Y02E,1004,21,0
K00Y02F,1005,not_resonant,none
K01DA6B,1006,not_resonant,none
K01DA6C,1007,not_resonant,none
K01DA6D,1008,not_resonant,none
K01E24S,1009,not_resonant,none
K01FH2U,1010,32,0
K01FI5L,1011,not_resonant,none
K01FI5T,1012,not_resonant,none
K01FJ4J,1013,not_resonant,none
K01FJ4M,1014,not_resonant,none
K01H59A,1015,not_resonant,none
K01K76F,1016,not_resonant,none
K01K76G,1017,other,0
K01K76H,1018,not_resonant,none
K01K76L,1019,not_resonant,none
K01K76Q,1020,not_resonant,none
K01K76W,1021,not_resonant,none
K01K76Y,1022,32,0
K01K77A,1023,not_resonant,none
K01K77E,1024,not_resonant,none
K01K77G,1025,not_resonant,none
K01K77O,1026,not_resonant,none
K01OA8K,1027,not_resonant,none
K01OA8N,1028,not_resonant,none
K01OA8Q,1029,not_resonant,none
K01OA8Z,1030,not_resonant,none
K01OA9G,1031,not_resonant,none
K01OA9M,1032,not_resonant,none
K01P47K,1033,not_resonant,none
K01QT7Q,1034,not_resonant,none
K01QT7X,1035,not_resonant,none
K01QT7Z,1036,not_resonant,none
K01QT8A,1037,not_resonant,none
K01QW2W,1038,not_resonant,none
K01RE3V,1039,not_resonant,none
K01RE3W,1040,not_resonant,none
K01RE3Y,1041,not_resonant,none
K01U18N,1042,not_resonant,none
K01U18P,1043,21,0
K01V71N,1044,32,0
K01XP4U,1045,not_resonant,none
K01XP4X,1046,not_resonant,none
K02CF4S,1047,not_resonant,none
K02CF4T,1048,not_resonant,none
K02CF4U,1049,not_resonant,none
K02CF4Y,1050,not_resonant,none
K02CF4Z,1051,not_resonant,none
K02CM4X,1052,not_resonant,none
K02CM5B,1053,not_resonant,none
K02CO8Z,1054,other,0
K02CP1D,1055,not_resonant,none
K02CP1E,1056,32,0
K02F06V,1057,not_resonant,none
K02F36W,1058,not_resonant,none
K02F36X,1059,not_resonant,none
K02F36Y,1060,not_resonant,none
K02G31W,1061,32,0
K02G32A,1062,not_resonant,none
K02G32E,1063,32,0
K02G32L,1064,32,0
K02G32R,1065,32,0
K02G32S,1066,other,0
K02G32W,1067,other,0
K02GG6H,1068,32,0
K02PE9O,1069,not_resonant,none
K02PE9P,1070,not_resonant,none
K02PE9R,1071,not_resonant,none
K02PF0G,1072,other,0
K02PF5D,1073,not_resonant,none
K02PH0R,1074,not_resonant,none
K02PH0S,1075,not_resonant,none
K02PH0U,1076,21,0
K02PH0X,1077,not_resonant,none
K02PH0Y,1078,not_resonant,none
K02PH0Z,1079,not_resonant,none
K02PH1A,1080,not_resonant,none
K02PH1C,1081,not_resonant,none
K02TU1H,1082,32,0
K02VD0E,1083,not_resonant,none
K02VD0F,1084,not_resonant,none
K02VD0V,1085,other,0
K02VD0X,1086,32,0
K02VD1B,1087,not_resonant,none
K02VD1D,1088,not_resonant,none
K02VD1F,1089,not_resonant,none
K02VD8D,1090,32,0
K02W21L,1091,not_resonant,none
K02X91E,1092,not_resonant,none
K03FC7J,1093,not_resonant,none
K03FC7L,1094,32,0
K03FC7M,1095,not_resonant,none
K03FC8D,1096,not_resonant,none
K03FC9H,1097,not_resonant,none
K03FC9Z,1098,not_resonant,none
K03FD0A,1099,not_resonant,none
K03G55F,1100,not_resonant,none
K03H56X,1101,not_resonant,none
K03H56Z,1102,not_resonant,none
K03H57A,1103,32,0
K03H57F,1104,32,0
K03H57H,1105,not_resonant,none
K03H57M,1106,not_resonant,none
K03H57O,1107,not_resonant,none
K03K20O,1108,not_resonant,none
K03L07A,1109,other,0
K03L09D,1110,not_resonant,none
K03Q90T,1111,not_resonant,none
K03Q90X,1112,not_resonant,none
K03Q90Y,1113,not_resonant,none
K03Q91D,1114,not_resonant,none
K03Q91E,1115,not_resonant,none
K03Q91F,1116,not_resonant,none
K03Q91G,1117,not_resonant,none
K03Q91J,1118,not_resonant,none
K03Q91L,1119,not_resonant,none
K03Q91M,1120,not_resonant,none
K03Q91N,1121,not_resonant,none
K03Q91P,1122,other,0
K03Q91S,1123,not_resonant,none
K03Q91X,1124,other,0
K03QB2B,1125,not_resonant,none
K03QB2E,1126,not_resonant,none
K03SV7O,1127,32,0
K03T58J,1128,not_resonant,none
K03T58K,1129,not_resonant,none
K03T58L,1130,not_resonant,none
K03UT1T,1131,not_resonant,none
K03UT1V,1132,not_resonant,none
K03UT1Y,1133,not_resonant,none
K03UT1Z,1134,not_resonant,none
K03UT2B,1135,not_resonant,none
K03UT2N,1136,not_resonant,none
K03UT2P,1137,21,0
K03UT2V,1138,32,0
K03UT3K,1139,not_resonant,none
K03Uf4A,1140,other,0
K03WJ1A,1141,32,0
K03WJ3O,1142,32,0
K03YH9J,1143,not_resonant,none
K03YH9K,1144,not_resonant,none
K03YH9M,1145,not_resonant,none
K03YH9N,1146,not_resonant,none
K03YH9P,1147,not_resonant,none
K03YH9R,1148,not_resonant,none
K03YH9S,1149,not_resonant,none
K03YH9T,1150,not_resonant,none
K03YH9V,1151,not_resonant,none
K03YH9X,1152,not_resonant,none
K04D64H,1153,not_resonant,none
K04D64M,1154,not_resonant,none
K04D71M,1155,not_resonant,none
K04D77G,1156,not_resonant,none
K04E95S,1157,not_resonant,none
K04E95V,1158,32,0
K04E96G,1159,52,0
K04E96J,1160,32,0
K04FG4W,1161,32,0
K04H78X,1162,32,1
K04H78Y,1163,32,0
K04H78Z,1164,32,0
K04H79A,1165,32,0
K04H79B,1166,32,0
K04H79C,1167,not_resonant,none
K04H79D,1168,not_resonant,none
K04H79E,1169,not_resonant,none
K04H79G,1170,not_resonant,none
K04H79H,1171,not_resonant,none
K04H79K,1172,not_resonant,none
K04H79L,1173,not_resonant,none
K04H79M,1174,other,0
K04H79O,1175,52,0
K04H79Q,1176,not_resonant,none
K04K18V,1177,not_resonant,none
K04K18Z,1178,52,0
K04K19B,1179,32,0
K04K19C,1180,32,0
K04K19D,1181,not_resonant,none
K04K19E,1182,not_resonant,none
K04K19F,1183,not_resonant,none
K04K19G,1184,not_resonant,none
K04K19H,1185,not_resonant,none
K04K19J,1186,not_resonant,none
K04K19K,1187,not_resonant,none
K04K19L,1188,21,0
K04K19M,1189,21,0
K04L31W,1190,not_resonant,none
K04M08S,1191,32,0
K04M08T,1192,not_resonant,none
K04M08U,1193,not_resonant,none
K04M08V,1194,not_resonant,none
K04O14J,1195,not_resonant,none
K04O15P,1196,not_resonant,none
K04O15Q,1197,other,0
K04O15S,1198,not_resonant,none
K04PA7S,1199,not_resonant,none
K04PA7X,1200,not_resonant,none
K04PA7Z,1201,not_resonant,none
K04PA8B,1202,not_resonant,none
K04PB2D,1203,not_resonant,none
K04PB7T,1204,not_resonant,none
K04PB7U,1205,not_resonant,none
K04PB7V,1206,not_resonant,none
K04PB7W,1207,not_resonant,none
K04PB7X,1208,not_resonant,none
K04PB7Y,1209,not_resonant,none
K04Q29E,1210,not_resonant,none
K04Q29G,1211,not_resonant,none
K04Q29H,1212,not_resonant,none
K04S60C,1213,other,0
K04TS2E,1214,not_resonant,none
K04TZ7X,1215,other,0
K04U10D,1216,not_resonant,none
K04U10S,1217,32,0
K04V75U,1218,other,0
K04V75Z,1219,32,0
K04V78K,1220,21,0
K04VD0U,1221,other,0
K04VD0V,1222,32,0
K04VD0X,1223,32,0
K04VD0Y,1224,32,0
K04VD0Z,1225,32,0
K04VD1D,1226,not_resonant,none
K04VD1E,1227,other,0
K04VD1F,1228,other,0
K04VD1G,1229,not_resonant,none
K04VD1H,1230,not_resonant,none
K04VD1M,1231,not_resonant,none
K04VD1U,1232,not_resonant,none
K04XJ0X,1233,not_resonant,none
K05B49V,1234,not_resonant,none
K05B49W,1235,not_resonant,none
K05C81D,1236,32,0
K05C81E,1237,not_resonant,none
K05C81F,1238,other,0
K05ET6E,1239,not_resonant,none
K05EU3M,1240,not_resonant,none
K05EU4F,1241,not_resonant,none
K05EV8B,1242,not_resonant,none
K05EV8C,1243,not_resonant,none
K05EV8W,1244,not_resonant,none
K05EV8X,1245,32,0
K05GI6X,1246,not_resonant,none
K05GI7A,1247,32,0
K05GI7C,1248,not_resonant,none
K05GI7D,1249,not_resonant,none
K05GI7F,1250,32,0
K05GK6X,1251,other,0
K05GL0V,1252,32,0
K05GM8H,1253,other,0
K05JH4Z,1254,not_resonant,none
K05JH7H,1255,not_resonant,none
K05JI5Y,1256,not_resonant,none
K05JI6B,1257,not_resonant,none
K05JI6J,1258,not_resonant,none
K05JI6K,1259,not_resonant,none
K05L54A,1260,not_resonant,none
K05L54B,1261,not_resonant,none
K05L54C,1262,not_resonant,none
K05NC5U,1263,not_resonant,none
K05NC5V,1264,other,0
K05P21K,1265,not_resonant,none
K05P21L,1266,not_resonant,none
K05P21S,1267,not_resonant,none
K05P21T,1268,not_resonant,none
K05T53N,1269,not_resonant,none
K05TI9V,1270,32,0
K05VC2Z,1271,other,0
K05VC3A,1272,32,0
K06A98K,1273,not_resonant,none
K06A98L,1274,not_resonant,none
K06A98M,1275,not_resonant,none
K06A98N,1276,not_resonant,none
K06A98O,1277,not_resonant,none
K06BS4R,1278,not_resonant,none
K06BS4S,1279,not_resonant,none
K06C69H,1280,not_resonant,none
K06HC2N,1281,not_resonant,none
K06HC2P,1282,not_resonant,none
K06HC2T,1283,32,0
K06HC2W,1284,not_resonant,none
K06HC2Y,1285,not_resonant,none
K06HC2Z,1286,not_resonant,none
K06HC3A,1287,not_resonant,none
K06HC3B,1288,not_resonant,none
K06HC3C,1289,other,0
K06HC3E,1290,not_resonant,none
K06J58U,1291,not_resonant,none
K06J58V,1292,not_resonant,none
K06QI0P,1293,not_resonant,none
K06QI0S,1294,not_resonant,none
K06QI0Z,1295,not_resonant,none
K06QI1A,1296,not_resonant,none
K06QI1B,1297,not_resonant,none
K06QI1F,1298,not_resonant,none
K06QI1G,1299,not_resonant,none
K06QI1H,1300,not_resonant,none
K06QI1R,1301,not_resonant,none
K06Sa9F,1302,other,0
K06Sf5E,1303,not_resonant,none
K06Sf5F,1304,not_resonant,none
K06Sf5G,1305,not_resonant,none
K06Sf5H,1306,not_resonant,none
K06TC1K,1307,32,0
K06TD0O,1308,other,0
K06TD0P,1309,32,0
K06WJ5S,1310,32,0
K06WK6F,1311,not_resonant,none
K06WK6G,1312,not_resonant,none
K07B81O,1313,not_resonant,none
K07C66J,1314,not_resonant,none
K07C79Q,1315,not_resonant,none
K07C79R,1316,not_resonant,none
K07C79S,1317,not_resonant,none
K07DA1S,1318,not_resonant,none
K07F51M,1319,not_resonant,none
K07F51N,1320,other,0
K07F51O,1321,not_resonant,none
K07F51P,1322,not_resonant,none
K07H90V,1323,not_resonant,none
K07J45F,1324,32,0
K07L38E,1325,not_resonant,none
K07L38F,1326,other,0
K07L38G,1327,52,0
K07L38H,1328,not_resonant,none
K07L38J,1329,not_resonant,none
K07RV4L,1330,not_resonant,none
K07RW6W,1331,not_resonant,none
K07RW6X,1332,not_resonant,none
K07RW6Y,1333,not_resonant,none
K07RW6Z,1334,not_resonant,none
K07Tf8B,1335,not_resonant,none
K07Tf8D,1336,not_resonant,none
K07Th1V,1337,32,0
K07Th4C,1338,other,0
K07VU2J,1339,not_resonant,none
K07VU2K,1340,not_resonant,none
K08AB8Q,1341,not_resonant,none
K08AD8U,1342,not_resonant,none
K08J41O,1343,not_resonant,none
K08TN9A,1344,32,0
K08UX2A,1345,other,0
K09DE3J,1346,other,0
K09DE3L,1347,not_resonant,none
K09DE3N,1348,32,0
K09DE3R,1349,not_resonant,none
K09DE3S,1350,not_resonant,none
K09J18Z,1351,32,0
K09J19E,1352,32,0
K09K30K,1353,not_resonant,none
K09K30N,1354,other,0
K09K30O,1355,not_resonant,none
K09M10F,1356,not_resonant,none
K09M10G,1357,21,0
K09UF6F,1358,not_resonant,none
K09X26M,1359,other,0
K09Y19G,1360,52,0
K09Y26R,1361,not_resonant,none
K09Y26S,1362,other,0
K09Y26T,1363,32,0
K09Y32K,1364,not_resonant,none
K10AF3V,1365,32,0
K10DA6F,1366,not_resonant,none
K10E65Q,1367,other,0
K10ED9L,1368,32,0
K10F86X,1369,not_resonant,none
K10JC4J,1370,not_resonant,none
K10JC4K,1371,not_resonant,none
K10JL0J,1372,not_resonant,none
K10JL5E,1373,not_resonant,none
K10K39Z,1374,not_resonant,none
K10LD6B,1375,32,0
K10MB6R,1376,other,0
K10P66T,1377,other,0
K10P75U,1378,other,0
K10Q07Q,1379,not_resonant,none
K10R45M,1380,not_resonant,none
K10R45N,1381,not_resonant,none
K10R64F,1382,not_resonant,none
K10R64N,1383,not_resonant,none
K10RI8D,1384,not_resonant,none
K10RI8F,1385,not_resonant,none
K10RJ0J,1386,not_resonant,none
K10RJ0K,1387,32,0
K10S41B,1388,32,0
K10T00J,1389,not_resonant,none
K10TI2J,1390,32,0
K10TI2L,1391,not_resonant,none
K10TI2N,1392,32,0
K10TI2P,1393,not_resonant,none
K10TJ1S,1394,other,0
K10TJ2A,1395,not_resonant,none
K10TJ2D,1396,not_resonant,none
K10TJ2E,1397,not_resonant,none
K10TJ2F,1398,not_resonant,none
K10TJ2G,1399,not_resonant,none
K10TJ2K,1400,not_resonant,none
K10TJ5S,1401,32,0
K10V11R,1402,not_resonant,none
K10VM4X,1403,not_resonant,none
K10VP3D,1404,not_resonant,none
K10VP3E,1405,not_resonant,none
K10W09G,1406,not_resonant,none
K10W75M,1407,not_resonant,none
K10X91E,1408,not_resonant,none
K11BG3R,1409,not_resonant,none
K11BG3S,1410,not_resonant,none
K11BG3T,1411,not_resonant,none
K11BG3U,1412,not_resonant,none
K11BH0N,1413,not_resonant,none
K11BH0O,1414,not_resonant,none
K11BH0P,1415,other,0
K11CB9W,1416,other,0
K11CB9X,1417,not_resonant,none
K11CB9Y,1418,other,0
K11E90Z,1419,not_resonant,none
K11H60O,1420,other,0
K11H83P,1421,not_resonant,none
K11HA2M,1422,not_resonant,none
K11HA2Z,1423,not_resonant,none
K11HA3F,1424,not_resonant,none
K11HA3J,1425,not_resonant,none
K11HA3K,1426,not_resonant,none
K11HA4N,1427,32,0
K11J31W,1428,not_resonant,none
K11J31X,1429,not_resonant,none
K11J31Y,1430,not_resonant,none
K11J32A,1431,not_resonant,none
K11L29J,1432,not_resonant,none
K11M11V,1433,not_resonant,none
K11O60B,1434,not_resonant,none
K11R00S,1435,not_resonant,none
K11SS1W,1436,not_resonant,none
K11Uf0P,1437,32,0
K11Uf0Q,1438,32,0
K11Uf0R,1439,32,0
K11Uf0S,1440,32,0
K11Uf0U,1441,32,0
K11Uf0V,1442,32,0
K11Uf0W,1443,32,0
K11Uf0X,1444,32,0
K11Uf0Z,1445,32,0
K11Uf1A,1446,32,0
K11Uf1B,1447,not_resonant,none
K11Uf1D,1448,32,0
K11Uf1F,1449,21,0
K11Uf1G,1450,21,0
K11Uf1H,1451,other,0
K11Uf1J,1452,other,0
K11Uf1M,1453,other,0
K11Uf1O,1454,other,0
K11Uf1P,1455,other,0
K11Uf1Q,1456,not_resonant,none
K11Uf1R,1457,not_resonant,none
K11Uf1S,1458,other,0
K11Uf1T,1459,52,0
K11Uf1U,1460,not_resonant,none
K11Uf1Y,1461,not_resonant,none
K11Uf1Z,1462,not_resonant,none
K11Uf2B,1463,not_resonant,none
K11Uf2C,1464,not_resonant,none
K11Uf2D,1465,not_resonant,none
K11Uf2E,1466,not_resonant,none
K11Uf2G,1467,not_resonant,none
K11Uf2J,1468,not_resonant,none
K11Uf2K,1469,not_resonant,none
K11Uf2L,1470,not_resonant,none
K11Uf2O,1471,not_resonant,none
K11Uf2P,1472,not_resonant,none
K11Uf2Q,1473,other,0
K11Uf2R,1474,not_resonant,none
K11Uf2S,1475,not_resonant,none
K11Uf2Z,1476,other,0
K11Uf3A,1477,other,0
K11Uf3J,1478,not_resonant,none
K11Uf3K,1479,not_resonant,none
K11V24Z,1480,not_resonant,none
K11WF7J,1481,other,0
K11WI8W,1482,not_resonant,none
K12A25Z,1483,not_resonant,none
K12BF4V,1484,not_resonant,none
K12BF4Y,1485,other,0
K12D98Z,1486,not_resonant,none
K12DA6Q,1487,other,0
K12DC1V,1488,not_resonant,none
K12E18E,1489,not_resonant,none
K12F87N,1490,32,0
K12G17X,1491,not_resonant,none
K12H85E,1492,other,3
K12H87W,1493,other,0
K12H87X,1494,other,0
K12O06L,1495,not_resonant,none
K12S67B,1496,not_resonant,none
K12TW4C,1497,other,0
K12TW4D,1498,32,0
K12TW4E,1499,not_resonant,none
K12TW4F,1500,not_resonant,none
K12TZ9F,1501,not_resonant,none
K12UH7G,1502,32,0
K12UH7K,1503,not_resonant,none
K12UH7L,1504,not_resonant,none
K12UH7N,1505,not_resonant,none
K12UH7P,1506,not_resonant,none
K12UH7Q,1507,not_resonant,none
K12UH7R,1508,other,0
K12UH7V,1509,other,0
K12UH8D,1510,52,0
K12UI5D,1511,not_resonant,none
K12UI5E,1512,not_resonant,none
K12VB6B,1513,not_resonant,none
K12VC8R,1514,not_resonant,none
K12W37D,1515,not_resonant,none
K12W37E,1516,21,0
K12W37F,1517,32,0
K12W37G,1518,not_resonant,none
K12XF7R,1519,21,0
K12XF9W,1520,32,0
K12Y09O,1521,other,0
K12Y12F,1522,not_resonant,none
K12Y12G,1523,32,0
K13AI3R,1524,other,0
K13AI3S,1525,not_resonant,none
K13B78K,1526,not_resonant,none
K13CD4A,1527,not_resonant,none
K13CO2Z,1528,not_resonant,none
K13EE9M,1529,not_resonant,none
K13EF4J,1530,not_resonant,none
K13F28A,1531,not_resonant,none
K13F28D,1532,32,0
K13F28G,1533,not_resonant,none
K13F28H,1534,not_resonant,none
K13F28K,1535,not_resonant,none
K13F28M,1536,not_resonant,none
K13F28N,1537,not_resonant,none
K13F28O,1538,21,0
K13F28Q,1539,not_resonant,none
K13GD6O,1540,not_resonant,none
K13GD6Q,1541,not_resonant,none
K13GD6S,1542,52,0
K13GD6X,1543,21,0
K13GD6Y,1544,52,0
K13GD7C,1545,not_resonant,none
K13GD7E,1546,32,0
K13GD7F,1547,32,0
K13GD7G,1548,32,0
K13GD7H,1549,32,0
K13GD7J,1550,32,0
K13GD7L,1551,32,0
K13GD7M,1552,not_resonant,none
K13GD7O,1553,not_resonant,none
K13GD7P,1554,not_resonant,none
K13GD7R,1555,not_resonant,none
K13GD7S,1556,not_resonant,none
K13GD7U,1557,not_resonant,none
K13GD7X,1558,not_resonant,none
K13GD7Y,1559,not_resonant,none
K13GD7Z,1560,not_resonant,none
K13GD8B,1561,not_resonant,none
K13GD8C,1562,not_resonant,none
K13GD8D,1563,not_resonant,none
K13GD8E,1564,not_resonant,none
K13GD8F,1565,not_resonant,none
K13GD8G,1566,not_resonant,none
K13GD8J,1567,not_resonant,none
K13GF8M,1568,not_resonant,none
K13GF8N,1569,32,0
K13HF6R,1570,other,0
K13HF6S,1571,not_resonant,none
K13HF6W,1572,32,0
K13J63U,1573,not_resonant,none
K13J63V,1574,not_resonant,none
K13J63W,1575,not_resonant,none
K13J64F,1576,52,0
K13J64K,1577,52,0
K13J64L,1578,not_resonant,none
K13J64O,1579,not_resonant,none
K13J64P,1580,not_resonant,none
K13J64Q,1581,not_resonant,none
K13J64R,1582,not_resonant,none
K13J64S,1583,not_resonant,none
K13J64U,1584,not_resonant,none
K13J64Z,1585,32,0
K13J65A,1586,32,0
K13J65B,1587,32,0
K13J65C,1588,32,0
K13J65D,1589,32,0
K13J65E,1590,32,0
K13J65F,1591,32,0
K13J65G,1592,32,0
K13J65H,1593,32,0
K13J65M,1594,not_resonant,none
K13J65Q,1595,not_resonant,none
K13J65R,1596,not_resonant,none
K13J65S,1597,not_resonant,none
K13J65T,1598,not_resonant,none
K13J65W,1599,21,0
K13J67X,1600,not_resonant,none
K13K18Y,1601,other,0
K13L35U,1602,not_resonant,none
K13L35Y,1603,not_resonant,none
K13L36Z,1604,52,0
K13M18R,1605,32,0
K13N24M,1606,not_resonant,none
K13N33U,1607,not_resonant,none
K13P74U,1608,not_resonant,none
K13P74W,1609,not_resonant,none
K13P74X,1610,32,0
K13P76S,1611,other,0
K13P84D,1612,not_resonant,none
K13Q95P,1613,not_resonant,none
K13Q99R,1614,not_resonant,none
K13QA3X,1615,not_resonant,none
K13R98B,1616,other,0
K13R98D,1617,32,0
K13R98P,1618,not_resonant,none
K13R98Q,1619,not_resonant,none
K13R98R,1620,not_resonant,none
K13RA8X,1621,not_resonant,none
K13RA8Y,1622,not_resonant,none
K13RA8Z,1623,52,0
K13RA9B,1624,not_resonant,none
K13RA9C,1625,32,0
K13RA9D,1626,not_resonant,none
K13RA9E,1627,other,0
K13RA9F,1628,not_resonant,none
K13RA9G,1629,not_resonant,none
K13RA9H,1630,other,0
K13RA9J,1631,not_resonant,none
K13RA9K,1632,not_resonant,none
K13RA9L,1633,not_resonant,none
K13RA9M,1634,other,0
K13RA9N,1635,not_resonant,none
K13RA9O,1636,not_resonant,none
K13RA9P,1637,not_resonant,none
K13RA9Q,1638,other,0
K13RA9R,1639,not_resonant,none
K13RA9S,1640,not_resonant,none
K13RA9T,1641,not_resonant,none
K13RC4D,1642,not_resonant,none
K13RC4E,1643,not_resonant,none
K13RC4F,1644,not_resonant,none
K13RC4G,1645,not_resonant,none
K13RC4H,1646,not_resonant,none
K13RC4J,1647,not_resonant,none
K13RC4K,1648,32,0
K13RC4L,1649,other,0
K13RC4M,1650,other,0
K13RC4N,1651,not_resonant,none
K13RC4O,1652,not_resonant,none
K13RC4P,1653,not_resonant,none
K13RC4Q,1654,not_resonant,none
K13RC4R,1655,not_resonant,none
K13RC4S,1656,not_resonant,none
K13RC4T,1657,other,0
K13RC4U,1658,not_resonant,none
K13RC4V,1659,not_resonant,none
K13RC4W,1660,other,0
K13RC4X,1661,32,0
K13RC8T,1662,not_resonant,none
K13RC8U,1663,not_resonant,none
K13RC8V,1664,other,0
K13RC8W,1665,not_resonant,none
K13RF5Q,1666,not_resonant,none
K13RF5R,1667,not_resonant,none
K13RF5S,1668,not_resonant,none
K13RF5T,1669,not_resonant,none
K13RF5U,1670,not_resonant,none
K13RF5V,1671,not_resonant,none
K13RF5X,1672,not_resonant,none
K13RF5Y,1673,other,0
K13RF5Z,1674,not_resonant,none
K13RF6A,1675,not_resonant,none
K13RF6B,1676,not_resonant,none
K13RF6D,1677,not_resonant,none
K13RF6E,1678,not_resonant,none
K13RF6F,1679,32,0
K13RF6G,1680,32,0
K13RF6H,1681,32,0
K13RF6O,1682,not_resonant,none
K13RF6P,1683,not_resonant,none
K13RF6Q,1684,32,0
K13RF6R,1685,other,0
K13RF6S,1686,not_resonant,none
K13RF6T,1687,not_resonant,none
K13RF6U,1688,not_resonant,none
K13RF6V,1689,other,0
K13RF6W,1690,not_resonant,none
K13RF6X,1691,not_resonant,none
K13RF6Y,1692,not_resonant,none
K13RF6Z,1693,not_resonant,none
K13RF7A,1694,not_resonant,none
K13RF7B,1695,32,0
K13RF7C,1696,32,0
K13RF7D,1697,other,0
K13RF7E,1698,not_resonant,none
K13RF7F,1699,other,0
K13RF7G,1700,not_resonant,none
K13RF7H,1701,not_resonant,none
K13RF7L,1702,not_resonant,none
K13RF7M,1703,not_resonant,none
K13RF7O,1704,not_resonant,none
K13RF7P,1705,other,0
K13RF7Q,1706,other,0
K13RF7R,1707,not_resonant,none
K13RF7S,1708,not_resonant,none
K13RF7T,1709,not_resonant,none
K13RF7U,1710,not_resonant,none
K13RF7V,1711,not_resonant,none
K13RF7W,1712,not_resonant,none
K13RF7X,1713,not_resonant,none
K13RF7Y,1714,other,0
K13RF8A,1715,not_resonant,none
K13RF8B,1716,not_resonant,none
K13RF8C,1717,other,0
K13RF8D,1718,not_resonant,none
K13RF8E,1719,not_resonant,none
K13RF8F,1720,not_resonant,none
K13RF8G,1721,not_resonant,none
K13RF8J,1722,not_resonant,none
K13RF8K,1723,not_resonant,none
K13RF8L,1724,not_resonant,none
K13RF8M,1725,not_resonant,none
K13RF8N,1726,not_resonant,none
K13RF8O,1727,not_resonant,none
K13RF8P,1728,not_resonant,none
K13RF8Q,1729,not_resonant,none
K13RF8T,1730,not_resonant,none
K13S99Z,1731,not_resonant,none
K13SA0J,1732,not_resonant,none
K13SA0K,1733,not_resonant,none
K13SA0L,1734,not_resonant,none
K13SA0M,1735,not_resonant,none
K13SA0N,1736,not_resonant,none
K13SA0O,1737,not_resonant,none
K13SA0P,1738,not_resonant,none
K13SA0Q,1739,21,0
K13SA0R,1740,not_resonant,none
K13SA0S,1741,not_resonant,none
K13SA0T,1742,not_resonant,none
K13SA0U,1743,other,0
K13SA0V,1744,not_resonant,none
K13SA0W,1745,not_resonant,none
K13SA0X,1746,not_resonant,none
K13SA0Y,1747,not_resonant,none
K13SA0Z,1748,not_resonant,none
K13SA1A,1749,21,0
K13SA1B,1750,other,0
K13SA1C,1751,not_resonant,none
K13SA1D,1752,not_resonant,none
K13SA1E,1753,not_resonant,none
K13SA1F,1754,not_resonant,none
K13SA1G,1755,not_resonant,none
K13SA2G,1756,not_resonant,none
K13SA2H,1757,not_resonant,none
K13SA2J,1758,other,0
K13SA2K,1759,other,0
K13SA2M,1760,not_resonant,none
K13SA2N,1761,not_resonant,none
K13SA2O,1762,32,0
K13SA2P,1763,32,0
K13SA2Q,1764,other,0
K13SA2R,1765,other,0
K13SA2S,1766,not_resonant,none
K13SA2T,1767,not_resonant,none
K13SA6D,1768,not_resonant,none
K13SA6E,1769,not_resonant,none
K13SA6F,1770,not_resonant,none
K13SA6G,1771,not_resonant,none
K13SA6H,1772,21,0
K13SA6J,1773,not_resonant,none
K13SA6K,1774,not_resonant,none
K13SA6L,1775,not_resonant,none
K13SA6M,1776,not_resonant,none
K13SA6N,1777,not_resonant,none
K13SB1Y,1778,not_resonant,none
K13SB2A,1779,not_resonant,none
K13SB2B,1780,not_resonant,none
K13SB2C,1781,not_resonant,none
K13SB2D,1782,other,0
K13SB2E,1783,other,0
K13SB2F,1784,not_resonant,none
K13SB2G,1785,other,0
K13SB2H,1786,not_resonant,none
K13SB2J,1787,not_resonant,none
K13SB2K,1788,not_resonant,none
K13SB2L,1789,other,0
K13SB2M,1790,not_resonant,none
K13SB2N,1791,not_resonant,none
K13SB2O,1792,not_resonant,none
K13SB2P,1793,other,0
K13SB2Q,1794,not_resonant,none
K13SB2S,1795,not_resonant,none
K13SB2T,1796,not_resonant,none
K13SB2U,1797,32,0
K13SB2V,1798,not_resonant,none
K13SB2W,1799,not_resonant,none
K13SB2X,1800,other,0
K13SB2Y,1801,not_resonant,none
K13SB2Z,1802,not_resonant,none
K13SB3A,1803,not_resonant,none
K13SB3B,1804,not_resonant,none
K13SB3D,1805,not_resonant,none
K13SB3E,1806,other,0
K13SB3F,1807,32,0
K13SB3G,1808,not_resonant,none
K13SB3H,1809,not_resonant,none
K13TF9M,1810,not_resonant,none
K13TH1X,1811,other,0
K13TH1Y,1812,32,0
K13TH1Z,1813,not_resonant,none
K13TH2A,1814,32,0
K13TH2B,1815,other,0
K13TH2C,1816,not_resonant,none
K13TH2D,1817,not_resonant,none
K13TH2E,1818,not_resonant,none
K13TH2F,1819,not_resonant,none
K13TH2G,1820,21,0
K13TH2H,1821,other,0
K13TH2J,1822,not_resonant,none
K13TH2K,1823,not_resonant,none
K13TH2L,1824,not_resonant,none
K13TH2M,1825,other,0
K13TI7B,1826,not_resonant,none
K13TI7C,1827,other,3
K13TI7D,1828,not_resonant,none
K13TI7E,1829,not_resonant,none
K13TI7F,1830,other,0
K13TI7G,1831,21,0
K13TI7H,1832,not_resonant,none
K13TI7J,1833,not_resonant,none
K13TI7K,1834,not_resonant,none
K13TI7L,1835,32,0
K13TI7M,1836,other,0
K13TI7N,1837,other,0
K13TI7O,1838,32,0
K13TI7P,1839,not_resonant,none
K13TI7Q,1840,not_resonant,none
K13TI7R,1841,not_resonant,none
K13TI7S,1842,other,0
K13TI7T,1843,not_resonant,none
K13TI7U,1844,32,0
K13TI7V,1845,not_resonant,none
K13TI7W,1846,not_resonant,none
K13TI7X,1847,not_resonant,none
K13TI7Y,1848,not_resonant,none
K13TI7Z,1849,other,0
K13TI8B,1850,32,0
K13TI8C,1851,not_resonant,none
K13TI8D,1852,not_resonant,none
K13TI8E,1853,32,0
K13TI8F,1854,not_resonant,none
K13TM7K,1855,not_resonant,none
K13TM7L,1856,not_resonant,none
K13TM7N,1857,not_resonant,none
K13TM7P,1858,not_resonant,none
K13TM7Q,1859,not_resonant,none
K13TM7R,1860,32,0
K13TM7S,1861,not_resonant,none
K13TM7T,1862,not_resonant,none
K13TM7U,1863,not_resonant,none
K13TM7V,1864,32,0
K13TM7X,1865,other,0
K13TM7Y,1866,not_resonant,none
K13TM7Z,1867,not_resonant,none
K13TM8A,1868,not_resonant,none
K13TM8B,1869,52,0
K13TM8C,1870,not_resonant,none
K13TM8D,1871,21,0
K13TM8E,1872,32,0
K13TM8F,1873,not_resonant,none
K13TM8G,1874,21,0
K13TM8H,1875,21,0
K13TM8J,1876,not_resonant,none
K13TM8K,1877,21,0
K13TM8L,1878,21,0
K13TM8M,1879,not_resonant,none
K13TM8N,1880,not_resonant,none
K13TM8O,1881,not_resonant,none
K13TM8P,1882,not_resonant,none
K13TM8Q,1883,other,0
K13TM8S,1884,not_resonant,none
K13TM8T,1885,not_resonant,none
K13TM8U,1886,not_resonant,none
K13TM8W,1887,not_resonant,none
K13TM8X,1888,not_resonant,none
K13TM8Y,1889,not_resonant,none
K13TM8Z,1890,not_resonant,none
K13TM9A,1891,not_resonant,none
K13TM9B,1892,not_resonant,none
K13TM9C,1893,21,0
K13TM9D,1894,not_resonant,none
K13TM9E,1895,32,0
K13TM9G,1896,not_resonant,none
K13TM9H,1897,not_resonant,none
K13TM9J,1898,not_resonant,none
K13TM9M,1899,not_resonant,none
K13TM9N,1900,not_resonant,none
K13TM9O,1901,not_resonant,none
K13TM9P,1902,not_resonant,none
K13TM9Q,1903,32,0
K13TM9S,1904,not_resonant,none
K13U15E,1905,not_resonant,none
K13U15K,1906,21,0
K13U15N,1907,not_resonant,none
K13U15O,1908,not_resonant,none
K13U15P,1909,not_resonant,none
K13U15Q,1910,not_resonant,none
K13U15R,1911,not_resonant,none
K13U15S,1912,other,0
K13U16W,1913,not_resonant,none
K13U16X,1914,32,0
K13U16Y,1915,not_resonant,none
K13U16Z,1916,not_resonant,none
K13U17A,1917,32,0
K13U17B,1918,other,0
K13U17E,1919,not_resonant,none
K13U17F,1920,32,0
K13U17G,1921,not_resonant,none
K13U17H,1922,21,0
K13U17J,1923,32,0
K13U17K,1924,other,0
K13U17L,1925,not_resonant,none
K13U17M,1926,not_resonant,none
K13U17N,1927,not_resonant,none
K13U17O,1928,not_resonant,none
K13U17P,1929,not_resonant,none
K13U17Q,1930,other,0
K13U17R,1931,not_resonant,none
K13U17S,1932,not_resonant,none
K13U17T,1933,not_resonant,none
K13U17V,1934,32,0
K13U17W,1935,not_resonant,none
K13U17X,1936,32,0
K13U17Y,1937,not_resonant,none
K13U17Z,1938,21,0
K13U18A,1939,not_resonant,none
K13U18B,1940,not_resonant,none
K13U18C,1941,not_resonant,none
K13U18D,1942,not_resonant,none
K13U18F,1943,not_resonant,none
K13U18G,1944,not_resonant,none
K13U18W,1945,32,0
K13U18X,1946,not_resonant,none
K13U22R,1947,not_resonant,none
K13U22T,1948,other,0
K13U31E,1949,not_resonant,none
K13U31F,1950,32,0
K13U49L,1951,not_resonant,none
K13V24D,1952,other,0
K13V24F,1953,32,0
K13V25Q,1954,not_resonant,none
K13V30X,1955,not_resonant,none
K13V31Z,1956,not_resonant,none
K13V46K,1957,not_resonant,none
K13V46L,1958,not_resonant,none
K13V46M,1959,52,0
K13V46N,1960,32,0
K13V46O,1961,21,0
K13V46P,1962,21,0
K13V46Q,1963,32,0
K13V46R,1964,32,0
K13V46S,1965,not_resonant,none
K13V71O,1966,not_resonant,none
K13V71Q,1967,32,0
K13V71R,1968,32,0
K13V71S,1969,32,0
K13V71T,1970,32,0
K13V71U,1971,not_resonant,none
K13V71V,1972,not_resonant,none
K13V71W,1973,not_resonant,none
K13V71X,1974,not_resonant,none
K13V71Y,1975,32,0
K13V71Z,1976,not_resonant,none
K13V72A,1977,not_resonant,none
K13V72B,1978,not_resonant,none
K13V72C,1979,32,0
K13V72D,1980,21,0
K13V72E,1981,other,0
K13V72F,1982,32,0
K13V72H,1983,not_resonant,none
K13WB4G,1984,not_resonant,none
K13WC3H,1985,not_resonant,none
K13WC3J,1986,32,0
K13WC3K,1987,52,0
K13WD9A,1988,not_resonant,none
K13WD9B,1989,not_resonant,none
K13WD9C,1990,not_resonant,none
K13X33U,1991,not_resonant,none
K13X40L,1992,not_resonant,none
K13X40M,1993,not_resonant,none
K13YG9D,1994,not_resonant,none
K14A55M,1995,not_resonant,none
K14B70D,1996,not_resonant,none
K14DB2T,1997,not_resonant,none
K14F43P,1998,not_resonant,none
K14F61X,1999,not_resonant,none
K14F62B,2000,32,0
K14F62C,2001,not_resonant,none
K14F69C,2002,not_resonant,none
K14F70L,2003,52,0
K14F71V,2004,not_resonant,none
K14F71X,2005,other,0
K14F71Y,2006,not_resonant,none
K14F71Z,2007,not_resonant,none
K14F72A,2008,not_resonant,none
K14F72C,2009,not_resonant,none
K14F72G,2010,not_resonant,none
K14F72H,2011,not_resonant,none
K14F72J,2012,other,0
K14F72K,2013,not_resonant,none
K14F72L,2014,not_resonant,none
K14G53T,2015,not_resonant,none
K14G54E,2016,21,0
K14G54J,2017,32,0
K14G54K,2018,32,0
K14G65K,2019,other,0
K14HK8P,2020,not_resonant,none
K14HK8V,2021,not_resonant,none
K14HL1O,2022,not_resonant,none
K14J80E,2023,not_resonant,none
K14J80O,2024,32,1
K14J80T,2025,32,0
K14J80U,2026,not_resonant,none
K14J80V,2027,not_resonant,none
K14J92C,2028,not_resonant,none
K14J92Q,2029,32,0
K14KA1S,2030,not_resonant,none
K14KA1T,2031,other,0
K14KA1X,2032,32,0
K14KA2A,2033,not_resonant,none
K14KA2B,2034,52,0
K14KA2C,2035,32,0
K14KA2D,2036,32,0
K14KB3E,2037,other,0
K14L28O,2038,not_resonant,none
K14L28Q,2039,not_resonant,none
K14L28T,2040,not_resonant,none
K14L28U,2041,not_resonant,none
K14M69X,2042,not_resonant,none
K14M70E,2043,not_resonant,none
K14M70F,2044,32,0
K14M70G,2045,not_resonant,none
K14M70H,2046,32,0
K14MA3B,2047,not_resonant,none
K14MA5H,2048,other,0
K14N65V,2049,not_resonant,none
K14N65Y,2050,not_resonant,none
K14N66A,2051,not_resonant,none
K14N66B,2052,not_resonant,none
K14N66C,2053,not_resonant,none
K14N81D,2054,not_resonant,none
K14N86T,2055,32,0
K14N96B,2056,not_resonant,none
K14Od3V,2057,32,0
K14Od3W,2058,not_resonant,none
K14Od3Y,2059,not_resonant,none
K14Od4C,2060,not_resonant,none
K14Od4D,2061,not_resonant,none
K14Od4F,2062,not_resonant,none
K14Od4J,2063,not_resonant,none
K14Od4Q,2064,not_resonant,none
K14P70N,2065,not_resonant,none
K14P70S,2066,not_resonant,none
K14P82M,2067,52,0
K14P88E,2068,not_resonant,none
K14PA2Z,2069,not_resonant,none
K14Qh3F,2070,not_resonant,none
K14Qi1M,2071,32,0
K14Qi1O,2072,other,0
K14Qi1P,2073,not_resonant,none
K14Qi1U,2074,not_resonant,none
K14Qi1W,2075,not_resonant,none
K14Qi1Y,2076,other,0
K14Qi2C,2077,other,0
K14Qi2E,2078,not_resonant,none
K14Qi2F,2079,not_resonant,none
K14Qi2G,2080,not_resonant,none
K14Qn5T,2081,not_resonant,none
K14Qn5U,2082,other,0
K14Qn5V,2083,not_resonant,none
K14Qn5W,2084,not_resonant,none
K14Qp0S,2085,other,0
K14Qp0T,2086,32,0
K14Qp0U,2087,not_resonant,none
K14Qp0V,2088,not_resonant,none
K14Qp0X,2089,not_resonant,none
K14Qp0Y,2090,not_resonant,none
K14Qp0Z,2091,32,0
K14Qq7B,2092,not_resonant,none
K14Qu2F,2093,other,0
K14Qu2G,2094,21,0
K14Qu2H,2095,not_resonant,none
K14Qu2J,2096,not_resonant,none
K14Qu2K,2097,not_resonant,none
K14Qu2L,2098,not_resonant,none
K14Qu2M,2099,not_resonant,none
K14Qu2P,2100,not_resonant,none
K14Qu2Q,2101,not_resonant,none
K14Qu2R,2102,other,0
K14Qu2S,2103,other,0
K14Qu2T,2104,not_resonant,none
K14Qu2U,2105,other,0
K14Qu2V,2106,not_resonant,none
K14Qu2W,2107,not_resonant,none
K14Qu2X,2108,not_resonant,none
K14Qu2Y,2109,not_resonant,none
K14Qu2Z,2110,not_resonant,none
K14Qu3H,2111,not_resonant,none
K14R70H,2112,not_resonant,none
K14R70J,2113,not_resonant,none
K14R74L,2114,not_resonant,none
K14R74M,2115,not_resonant,none
K14R74N,2116,32,0
K14R74O,2117,not_resonant,none
K14R86L,2118,not_resonant,none
K14R86M,2119,not_resonant,none
K14R86O,2120,not_resonant,none
K14R86P,2121,not_resonant,none
K14R86Q,2122,not_resonant,none
K14R86R,2123,not_resonant,none
K14R86S,2124,not_resonant,none
K14R86T,2125,not_resonant,none
K14R86U,2126,32,0
K14R86V,2127,other,0
K14R86W,2128,32,0
K14R86X,2129,not_resonant,none
K14R86Y,2130,not_resonant,none
K14SY8Z,2131,not_resonant,none
K14SY9S,2132,not_resonant,none
K14SY9V,2133,not_resonant,none
K14SZ0C,2134,not_resonant,none
K14SZ0D,2135,not_resonant,none
K14SZ0F,2136,32,0
K14SZ0N,2137,not_resonant,none
K14SZ0O,2138,other,0
K14SZ0Q,2139,not_resonant,none
K14SZ0R,2140,not_resonant,none
K14Sa3M,2141,not_resonant,none
K14Sa3N,2142,not_resonant,none
K14Sa3O,2143,not_resonant,none
K14Sa3P,2144,not_resonant,none
K14Sa5A,2145,not_resonant,none
K14Sb3M,2146,not_resonant,none
K14Sb3N,2147,not_resonant,none
K14Sb3O,2148,not_resonant,none
K14Sb3P,2149,32,0
K14Sb3Q,2150,not_resonant,none
K14Sb3R,2151,other,0
K14Sb3S,2152,not_resonant,none
K14Sb3T,2153,not_resonant,none
K14Sb3U,2154,52,0
K14Sb3V,2155,52,0
K14Sb3W,2156,52,0
K14Sb3X,2157,not_resonant,none
K14Sb3Y,2158,not_resonant,none
K14Sb3Z,2159,not_resonant,none
K14Sb4A,2160,not_resonant,none
K14Sb4B,2161,not_resonant,none
K14Sb4C,2162,other,0
K14Sb8F,2163,not_resonant,none
K14Sb8G,2164,not_resonant,none
K14Sb8J,2165,not_resonant,none
K14Se3D,2166,other,0
K14Se3L,2167,other,0
K14Se3N,2168,not_resonant,none
K14Se3Q,2169,other,0
K14Se3R,2170,52,0
K14Se3S,2171,not_resonant,none
K14Se3T,2172,not_resonant,none
K14Se3U,2173,not_resonant,none
K14Se3V,2174,not_resonant,none
K14Se3W,2175,not_resonant,none
K14Se3Y,2176,not_resonant,none
K14Se3Z,2177,not_resonant,none
K14Se4A,2178,not_resonant,none
K14Se4B,2179,32,0
K14Se4C,2180,32,0
K14Se4D,2181,other,0
K14Se4E,2182,not_resonant,none
K14Se4F,2183,not_resonant,none
K14Se4G,2184,not_resonant,none
K14Se4H,2185,not_resonant,none
K14Se4J,2186,32,0
K14Se4K,2187,other,0
K14Se4L,2188,not_resonant,none
K14Se4R,2189,not_resonant,none
K14T85T,2190,not_resonant,none
K14T85X,2191,not_resonant,none
K14T86B,2192,not_resonant,none
K14T86E,2193,not_resonant,none
K14T86F,2194,not_resonant,none
K14T95L,2195,other,0
K14T95M,2196,other,0
K14TA0S,2197,not_resonant,none
K14TA0T,2198,other,0
K14TB4Y,2199,not_resonant,none
K14TB5A,2200,other,0
K14TB5C,2201,not_resonant,none
K14TB5D,2202,not_resonant,none
K14TB5G,2203,not_resonant,none
K14TB5H,2204,32,0
K14TB5J,2205,other,0
K14TB5K,2206,32,0
K14TB5L,2207,21,0
K14TB5O,2208,not_resonant,none
K14TB5P,2209,not_resonant,none
K14TB5Q,2210,other,0
K14TB5R,2211,other,0
K14TB5T,2212,21,0
K14TB5V,2213,not_resonant,none
K14TB5W,2214,not_resonant,none
K14TB5X,2215,not_resonant,none
K14TB5Y,2216,not_resonant,none
K14TB5Z,2217,other,0
K14TB6A,2218,not_resonant,none
K14TB6B,2219,not_resonant,none
K14TB6D,2220,not_resonant,none
K14TB6F,2221,other,0
K14UJ2H,2222,21,0
K14UM4F,2223,not_resonant,none
K14UM4O,2224,other,0
K14UM4Y,2225,not_resonant,none
K14UM4Z,2226,not_resonant,none
K14UM5A,2227,not_resonant,none
K14UM5B,2228,not_resonant,none
K14UM5C,2229,other,0
K14UM5H,2230,not_resonant,none
K14UM5N,2231,not_resonant,none
K14UM8B,2232,other,0
K14UM8C,2233,not_resonant,none
K14UM8D,2234,not_resonant,none
K14UM8E,2235,other,0
K14UM8F,2236,32,0
K14UM8G,2237,not_resonant,none
K14UM8H,2238,21,0
K14UM8J,2239,not_resonant,none
K14UM8K,2240,not_resonant,none
K14UM8L,2241,not_resonant,none
K14UM8M,2242,32,0
K14UM8N,2243,not_resonant,none
K14UM8O,2244,32,0
K14UM8P,2245,not_resonant,none
K14UM8Q,2246,other,0
K14UM8R,2247,not_resonant,none
K14UM8S,2248,21,0
K14UM8T,2249,not_resonant,none
K14UM8U,2250,32,0
K14UM8V,2251,32,0
K14UM8W,2252,other,0
K14UM8X,2253,other,0
K14UM8Y,2254,not_resonant,none
K14UM8Z,2255,32,0
K14UM9A,2256,other,0
K14UM9B,2257,32,0
K14UM9C,2258,not_resonant,none
K14UM9D,2259,other,0
K14UM9E,2260,not_resonant,none
K14UM9F,2261,other,0
K14UM9H,2262,not_resonant,none
K14UM9J,2263,not_resonant,none
K14UM9K,2264,not_resonant,none
K14UM9L,2265,not_resonant,none
K14UM9M,2266,other,0
K14UM9N,2267,not_resonant,none
K14UM9O,2268,32,0
K14UM9P,2269,not_resonant,none
K14UM9Q,2270,not_resonant,none
K14UM9R,2271,not_resonant,none
K14UM9S,2272,52,0
K14UM9T,2273,32,0
K14UM9U,2274,32,0
K14UM9V,2275,other,0
K14UM9W,2276,21,0
K14UM9Y,2277,21,0
K14UN0A,2278,52,0
K14UN0B,2279,not_resonant,none
K14UN0C,2280,not_resonant,none
K14UN1K,2281,not_resonant,none
K14UN1O,2282,52,0
K14UN3M,2283,not_resonant,none
K14UO0U,2284,not_resonant,none
K14UO1D,2285,not_resonant,none
K14UO1E,2286,not_resonant,none
K14UO1F,2287,other,0
K14UP0N,2288,not_resonant,none
K14UP0O,2289,not_resonant,none
K14UP0P,2290,not_resonant,none
K14UP0Q,2291,52,0
K14UR6W,2292,32,0
K14UR6X,2293,not_resonant,none
K14UR6Y,2294,52,0
K14UR6Z,2295,not_resonant,none
K14UR7A,2296,not_resonant,none
K14UR7B,2297,other,0
K14UR7F,2298,not_resonant,none
K14UR7G,2299,not_resonant,none
K14UR7H,2300,32,0
K14UR7J,2301,not_resonant,none
K14UR7K,2302,not_resonant,none
K14UR7L,2303,21,0
K14UR7M,2304,other,7
K14UR7N,2305,not_resonant,none
K14UR7O,2306,other,0
K14UR7P,2307,not_resonant,none
K14UR7Q,2308,other,0
K14UR7R,2309,not_resonant,none
K14UR7S,2310,other,0
K14UR7T,2311,not_resonant,none
K14UR7U,2312,not_resonant,none
K14UR7V,2313,not_resonant,none
K14UR7X,2314,not_resonant,none
K14UR7Y,2315,not_resonant,none
K14UR8E,2316,other,0
K14V37T,2317,32,0
K14V37W,2318,not_resonant,none
K14V39V,2319,not_resonant,none
K14V41B,2320,not_resonant,none
K14V41C,2321,not_resonant,none
K14V43K,2322,not_resonant,none
K14V43L,2323,not_resonant,none
K14V43M,2324,not_resonant,none
K14V43N,2325,other,0
K14V43O,2326,not_resonant,none
K14V43P,2327,not_resonant,none
K14Wo9C,2328,32,0
K14Wo9M,2329,other,0
K14Wo9P,2330,not_resonant,none
K14Wo9S,2331,not_resonant,none
K14Wo9W,2332,not_resonant,none
K14Wp0B,2333,32,0
K14Wp0E,2334,32,0
K14Wp0K,2335,not_resonant,none
K14Wp0M,2336,other,0
K14Wp0N,2337,not_resonant,none
K14Wp0O,2338,32,0
K14Wp0R,2339,32,0
K14Wp7L,2340,not_resonant,none
K14Wp7M,2341,21,0
K14Wr5Y,2342,not_resonant,none
K14Wr6B,2343,not_resonant,none
K14Wr6C,2344,32,0
K14Wr6D,2345,32,0
K14Wt5Y,2346,not_resonant,none
K14Wt5Z,2347,not_resonant,none
K14Wt6A,2348,other,0
K14Wt6C,2349,not_resonant,none
K14Wt6D,2350,not_resonant,none
K14Wt6E,2351,not_resonant,none
K14Wy1X,2352,32,0
K14Wy1Y,2353,not_resonant,none
K14Wy1Z,2354,not_resonant,none
K14Wy2A,2355,not_resonant,none
K14Wy2B,2356,other,0
K14Wy2C,2357,not_resonant,none
K14Wy2D,2358,not_resonant,none
K14Wy2E,2359,not_resonant,none
K14Wy2F,2360,not_resonant,none
K14Wy2G,2361,not_resonant,none
K14Wy2H,2362,not_resonant,none
K14Wy2J,2363,other,0
K14Wy2L,2364,not_resonant,none
K14Wy2M,2365,not_resonant,none
K14Wz6L,2366,not_resonant,none
K14X40W,2367,not_resonant,none
K14X40Y,2368,not_resonant,none
K14X40Z,2369,not_resonant,none
K14X47W,2370,other,0
K14X47X,2371,not_resonant,none
K14X47Y,2372,not_resonant,none
K14X47Z,2373,not_resonant,none
K14X48A,2374,not_resonant,none
K14X48B,2375,other,0
K14X48C,2376,not_resonant,none
K14X54R,2377,not_resonant,none
K14X54S,2378,not_resonant,none
K14X54T,2379,32,0
K14X54U,2380,not_resonant,none
K14Y49Y,2381,not_resonant,none
K14Y50A,2382,not_resonant,none
K14Y50D,2383,not_resonant,none
K14Y50L,2384,52,0
K14Y72R,2385,32,0
K14Y72S,2386,not_resonant,none
K14Y72T,2387,not_resonant,none
K14Y72U,2388,not_resonant,none
K14Y91W,2389,not_resonant,none
K14Y91X,2390,not_resonant,none
K14Y91Z,2391,21,0
K14Y92A,2392,not_resonant,none
K14Y92B,2393,other,0
K14Y92C,2394,not_resonant,none
K14Y92D,2395,not_resonant,none
K14Y92E,2396,other,0
K14Y92F,2397,not_resonant,none
K14Y92G,2398,21,0
K14Y92H,2399,not_resonant,none
K14Y92J,2400,other,0
K14Y99Q,2401,not_resonant,none
K15AS1H,2402,other,0
K15AS1J,2403,not_resonant,none
K15AS1L,2404,not_resonant,none
K15AT3Q,2405,not_resonant,none
K15AT3R,2406,other,0
K15AT3S,2407,other,0
K15AU4N,2408,not_resonant,none
K15Bp8L,2409,other,0
K15Bp8P,2410,other,0
K15Bp8Q,2411,not_resonant,none
K15Bp8S,2412,not_resonant,none
K15Bp8Y,2413,21,0
K15Bp9A,2414,32,0
K15Bp9C,2415,52,0
K15Bu8E,2416,not_resonant,none
K15Bu8G,2417,other,0
K15DM5A,2418,not_resonant,none
K15DO8W,2419,not_resonant,none
K15DO8Z,2420,not_resonant,none
K15DO9A,2421,other,0
K15DO9B,2422,not_resonant,none
K15DO9C,2423,not_resonant,none
K15DO9M,2424,not_resonant,none
K15DO9S,2425,not_resonant,none
K15DO9U,2426,not_resonant,none
K15DO9X,2427,other,1
K15DP0Z,2428,not_resonant,none
K15FY5R,2429,32,0
K15FY5S,2430,not_resonant,none
K15Fd2W,2431,not_resonant,none
K15Fe3U,2432,not_resonant,none
K15Ff5G,2433,not_resonant,none
K15G50Q,2434,not_resonant,none
K15G50S,2435,21,0
K15G51Y,2436,21,0
K15G54F,2437,32,0
K15G54G,2438,32,0
K15G54J,2439,32,0
K15G54K,2440,32,0
K15G54L,2441,32,0
K15G54M,2442,32,0
K15G54N,2443,32,0
K15G54O,2444,32,0
K15G54P,2445,32,0
K15G54Q,2446,32,0
K15G54R,2447,32,0
K15G54S,2448,32,0
K15G54T,2449,32,0
K15G54U,2450,32,0
K15G54V,2451,32,0
K15G54W,2452,32,0
K15G54X,2453,32,0
K15G54Y,2454,32,0
K15G54Z,2455,21,0
K15G55A,2456,other,0
K15G55B,2457,not_resonant,none
K15G55C,2458,other,0
K15G55D,2459,other,0
K15G55E,2460,other,0
K15G55F,2461,other,0
K15G55G,2462,other,0
K15G55H,2463,other,0
K15G55J,2464,other,0
K15G55K,2465,other,0
K15G55L,2466,other,0
K15G55M,2467,52,0
K15G55N,2468,52,0
K15G55O,2469,other,0
K15G55P,2470,other,0
K15G55Q,2471,not_resonant,none
K15G55R,2472,not_resonant,none
K15G55S,2473,not_resonant,none
K15G55T,2474,other,0
K15G55U,2475,not_resonant,none
K15G55V,2476,not_resonant,none
K15G55W,2477,not_resonant,none
K15G55Y,2478,not_resonant,none
K15G55Z,2479,not_resonant,none
K15G56A,2480,not_resonant,none
K15G56B,2481,not_resonant,none
K15G56C,2482,not_resonant,none
K15G56D,2483,not_resonant,none
K15G56F,2484,not_resonant,none
K15G56G,2485,not_resonant,none
K15G56H,2486,not_resonant,none
K15G56J,2487,not_resonant,none
K15G56K,2488,not_resonant,none
K15G56L,2489,not_resonant,none
K15G56M,2490,not_resonant,none
K15G56N,2491,not_resonant,none
K15G56O,2492,not_resonant,none
K15G56P,2493,not_resonant,none
K15G56Q,2494,not_resonant,none
K15G56R,2495,not_resonant,none
K15G56S,2496,not_resonant,none
K15G56T,2497,not_resonant,none
K15G56U,2498,not_resonant,none
K15G56V,2499,not_resonant,none
K15G56W,2500,not_resonant,none
K15G56X,2501,not_resonant,none
K15G56Y,2502,not_resonant,none
K15G56Z,2503,not_resonant,none
K15G57A,2504,not_resonant,none
K15G57B,2505,not_resonant,none
K15G57C,2506,not_resonant,none
K15G57D,2507,not_resonant,none
K15G57E,2508,not_resonant,none
K15G57F,2509,not_resonant,none
K15G57G,2510,not_resonant,none
K15G57H,2511,not_resonant,none
K15G57J,2512,not_resonant,none
K15G57K,2513,not_resonant,none
K15G57L,2514,not_resonant,none
K15G57M,2515,not_resonant,none
K15G57N,2516,not_resonant,none
K15G57O,2517,not_resonant,none
K15G57P,2518,not_resonant,none
K15G57Q,2519,not_resonant,none
K15G57R,2520,not_resonant,none
K15G57S,2521,not_resonant,none
K15G57T,2522,not_resonant,none
K15G57U,2523,not_resonant,none
K15G57V,2524,not_resonant,none
K15G57W,2525,not_resonant,none
K15G57X,2526,not_resonant,none
K15G57Y,2527,not_resonant,none
K15G57Z,2528,not_resonant,none
K15G58A,2529,not_resonant,none
K15G58B,2530,not_resonant,none
K15G58C,2531,not_resonant,none
K15G58D,2532,not_resonant,none
K15G58E,2533,not_resonant,none
K15G58F,2534,not_resonant,none
K15G58H,2535,not_resonant,none
K15G58J,2536,not_resonant,none
K15G58K,2537,not_resonant,none
K15G58L,2538,not_resonant,none
K15G58M,2539,not_resonant,none
K15G58O,2540,not_resonant,none
K15G58P,2541,not_resonant,none
K15G58Q,2542,not_resonant,none
K15G58S,2543,not_resonant,none
K15G58T,2544,not_resonant,none
K15G58U,2545,not_resonant,none
K15G58W,2546,not_resonant,none
K15G58X,2547,not_resonant,none
K15G58Y,2548,not_resonant,none
K15G58Z,2549,not_resonant,none
K15G59A,2550,not_resonant,none
K15G59B,2551,not_resonant,none
K15G59C,2552,not_resonant,none
K15G59D,2553,not_resonant,none
K15G59E,2554,not_resonant,none
K15G59G,2555,not_resonant,none
K15G59H,2556,not_resonant,none
K15G59J,2557,not_resonant,none
K15G65R,2558,32,0
K15HJ5F,2559,other,0
K15HJ6Z,2560,not_resonant,none
K15KG2H,2561,not_resonant,none
K15KG3C,2562,not_resonant,none
K15KG7L,2563,21,0
K15KG7M,2564,21,0
K15KH2E,2565,other,0
K15KH2G,2566,not_resonant,none
K15KH3C,2567,32,0
K15KH3D,2568,32,0
K15KH3E,2569,32,0
K15KH3F,2570,32,0
K15KH3G,2571,32,0
K15KH3H,2572,32,0
K15KH3J,2573,32,0
K15KH3K,2574,32,0
K15KH3L,2575,32,0
K15KH3M,2576,32,0
K15KH3N,2577,32,0
K15KH3O,2578,32,0
K15KH3P,2579,32,0
K15KH3Q,2580,32,0
K15KH3R,2581,32,0
K15KH3S,2582,32,0
K15KH3T,2583,32,0
K15KH3U,2584,32,0
K15KH3V,2585,32,0
K15KH3W,2586,32,0
K15KH3X,2587,21,0
K15KH3Y,2588,other,0
K15KH3Z,2589,other,0
K15KH4A,2590,other,0
K15KH4B,2591,other,0
K15KH4C,2592,52,0
K15KH4D,2593,52,0
K15KH4E,2594,52,0
K15KH4F,2595,52,0
K15KH4G,2596,52,0
K15KH4H,2597,52,0
K15KH4J,2598,other,0
K15KH4K,2599,other,0
K15KH4L,2600,other,0
K15KH4M,2601,other,0
K15KH4N,2602,not_resonant,none
K15KH4O,2603,other,0
K15KH4P,2604,not_resonant,none
K15KH4Q,2605,not_resonant,none
K15KH4R,2606,not_resonant,none
K15KH4S,2607,not_resonant,none
K15KH4T,2608,not_resonant,none
K15KH4U,2609,not_resonant,none
K15KH4V,2610,not_resonant,none
K15KH4X,2611,not_resonant,none
K15KH4Y,2612,not_resonant,none
K15KH4Z,2613,not_resonant,none
K15KH5A,2614,not_resonant,none
K15KH5B,2615,not_resonant,none
K15KH5C,2616,not_resonant,none
K15KH5D,2617,not_resonant,none
K15KH5E,2618,not_resonant,none
K15KH5F,2619,not_resonant,none
K15KH5G,2620,not_resonant,none
K15KH5H,2621,not_resonant,none
K15KH5K,2622,not_resonant,none
K15KH5L,2623,not_resonant,none
K15KH5M,2624,not_resonant,none
K15KH5N,2625,not_resonant,none
K15KH5O,2626,not_resonant,none
K15KH5P,2627,not_resonant,none
K15KH5Q,2628,not_resonant,none
K15KH5R,2629,not_resonant,none
K15KH5S,2630,not_resonant,none
K15KH5T,2631,not_resonant,none
K15KH5U,2632,not_resonant,none
K15KH5V,2633,not_resonant,none
K15KH5W,2634,not_resonant,none
K15KH5X,2635,not_resonant,none
K15KH5Y,2636,not_resonant,none
K15KH5Z,2637,not_resonant,none
K15KH6A,2638,not_resonant,none
K15KH6B,2639,not_resonant,none
K15KH6C,2640,not_resonant,none
K15KH6D,2641,not_resonant,none
K15KH8G,2642,32,0
K15KH8K,2643,not_resonant,none
K15KJ9K,2644,not_resonant,none
K15KJ9L,2645,not_resonant,none
K15KJ9M,2646,32,0
K15MF0L,2647,not_resonant,none
K15MK4Q,2648,not_resonant,none
K15PV2D,2649,52,0
K15PV2F,2650,not_resonant,none
K15PV2L,2651,not_resonant,none
K15Q11T,2652,not_resonant,none
K15Q14L,2653,not_resonant,none
K15Q23W,2654,not_resonant,none
K15Q33V,2655,other,0
K15Q33W,2656,not_resonant,none
K15Q33X,2657,not_resonant,none
K15Q33Y,2658,not_resonant,none
K15Q33Z,2659,not_resonant,none
K15Q34A,2660,other,0
K15Q34B,2661,other,0
K15Q34C,2662,52,0
K15Q34L,2663,52,0
K15RO5S,2664,not_resonant,none
K15RO5T,2665,not_resonant,none
K15RO5U,2666,not_resonant,none
K15RO5W,2667,not_resonant,none
K15RR7C,2668,not_resonant,none
K15RR7J,2669,not_resonant,none
K15RR7R,2670,32,0
K15RR7S,2671,32,0
K15RR7T,2672,32,0
K15RR7U,2673,32,0
K15RR7V,2674,32,0
K15RR7X,2675,21,0
K15RR7Y,2676,21,0
K15RR7Z,2677,other,0
K15RR8A,2678,other,0
K15RR8B,2679,other,0
K15RR8C,2680,not_resonant,none
K15RR8D,2681,other,0
K15RR8E,2682,other,0
K15RR8F,2683,not_resonant,none
K15RR8G,2684,other,0
K15RR8H,2685,52,0
K15RR8J,2686,other,0
K15RR8K,2687,other,0
K15RR8L,2688,other,0
K15RR8M,2689,not_resonant,none
K15RR8O,2690,other,0
K15RR8P,2691,not_resonant,none
K15RR8Q,2692,not_resonant,none
K15RR8R,2693,other,0
K15RR8S,2694,other,0
K15RR8T,2695,other,0
K15RR8U,2696,not_resonant,none
K15RR8V,2697,other,0
K15RR8X,2698,not_resonant,none
K15RR8Y,2699,not_resonant,none
K15RR8Z,2700,not_resonant,none
K15RR9A,2701,not_resonant,none
K15RR9B,2702,not_resonant,none
K15RR9C,2703,not_resonant,none
K15RR9D,2704,not_resonant,none
K15RR9E,2705,not_resonant,none
K15RR9F,2706,not_resonant,none
K15RR9G,2707,not_resonant,none
K15RR9H,2708,not_resonant,none
K15RR9J,2709,not_resonant,none
K15RR9L,2710,not_resonant,none
K15RR9M,2711,not_resonant,none
K15RR9N,2712,not_resonant,none
K15RR9P,2713,not_resonant,none
K15RR9Q,2714,not_resonant,none
K15RR9R,2715,not_resonant,none
K15RR9S,2716,not_resonant,none
K15RR9T,2717,not_resonant,none
K15RR9U,2718,not_resonant,none
K15RR9V,2719,not_resonant,none
K15RR9W,2720,not_resonant,none
K15RR9Y,2721,not_resonant,none
K15RR9Z,2722,not_resonant,none
K15RS0A,2723,not_resonant,none
K15RS0B,2724,not_resonant,none
K15RS0C,2725,not_resonant,none
K15RS0D,2726,not_resonant,none
K15RS0E,2727,not_resonant,none
K15RS0F,2728,not_resonant,none
K15RS0G,2729,not_resonant,none
K15RS0H,2730,not_resonant,none
K15RS0L,2731,not_resonant,none
K15RS0M,2732,not_resonant,none
K15RS0N,2733,not_resonant,none
K15RS0O,2734,not_resonant,none
K15RS0P,2735,not_resonant,none
K15RS0Q,2736,not_resonant,none
K15RS0R,2737,not_resonant,none
K15RS0S,2738,not_resonant,none
K15RS0T,2739,not_resonant,none
K15RS0W,2740,not_resonant,none
K15RS0X,2741,not_resonant,none
K15RS0Y,2742,not_resonant,none
K15RS1A,2743,not_resonant,none
K15RS1B,2744,not_resonant,none
K15RS1C,2745,not_resonant,none
K15RS1D,2746,not_resonant,none
K15RS1E,2747,not_resonant,none
K15RS1F,2748,not_resonant,none
K15RS1G,2749,not_resonant,none
K15RS1H,2750,not_resonant,none
K15RS1J,2751,not_resonant,none
K15RS1K,2752,not_resonant,none
K15RS1L,2753,not_resonant,none
K15RS1M,2754,not_resonant,none
K15RS1N,2755,not_resonant,none
K15RS1O,2756,not_resonant,none
K15RS1P,2757,not_resonant,none
K15RS1Q,2758,not_resonant,none
K15RX4V,2759,other,0
K15RY5X,2760,not_resonant,none
K15RY5Y,2761,not_resonant,none
K15S20P,2762,not_resonant,none
K15S20V,2763,other,0
K15S49Z,2764,not_resonant,none
K15Ta0Y,2765,52,0
K15Ta1A,2766,not_resonant,none
K15Ta1C,2767,32,0
K15Ta1J,2768,not_resonant,none
K15Ta1L,2769,other,0
K15Ta1P,2770,32,0
K15Ta1R,2771,other,0
K15Ta1V,2772,not_resonant,none
K15Ta1W,2773,other,0
K15Ta2F,2774,not_resonant,none
K15Ta2G,2775,not_resonant,none
K15Ta2P,2776,not_resonant,none
K15Ta2R,2777,other,0
K15Ta3J,2778,not_resonant,none
K15Ta3K,2779,not_resonant,none
K15Ta3S,2780,52,0
K15Ta3X,2781,not_resonant,none
K15Ta7G,2782,not_resonant,none
K15Te8Q,2783,32,0
K15Tj4P,2784,not_resonant,none
K15Tj4Q,2785,not_resonant,none
K15U84K,2786,not_resonant,none
K15U87H,2787,other,0
K15UA5O,2788,not_resonant,none
K15VF7D,2789,21,0
K15VG4A,2790,not_resonant,none
K15VG4B,2791,not_resonant,none
K15VG4C,2792,not_resonant,none
K15VG4D,2793,not_resonant,none
K15VG4J,2794,32,0
K15VG4K,2795,32,0
K15VG4L,2796,32,0
K15VG4M,2797,32,0
K15VG4N,2798,32,0
K15VG4O,2799,32,0
K15VG4P,2800,32,0
K15VG4R,2801,32,0
K15VG4S,2802,32,0
K15VG4U,2803,32,0
K15VG4V,2804,32,0
K15VG4W,2805,32,0
K15VG4X,2806,32,0
K15VG4Y,2807,32,0
K15VG4Z,2808,32,0
K15VG5A,2809,32,0
K15VG5B,2810,32,0
K15VG5C,2811,32,0
K15VG5D,2812,32,0
K15VG5E,2813,32,0
K15VG5F,2814,32,0
K15VG5G,2815,32,0
K15VG5H,2816,32,0
K15VG5J,2817,32,0
K15VG5K,2818,32,0
K15VG5L,2819,32,0
K15VG5M,2820,32,0
K15VG5N,2821,32,0
K15VG5O,2822,32,0
K15VG5P,2823,32,0
K15VG5Q,2824,32,0
K15VG5R,2825,32,0
K15VG5S,2826,32,0
K15VG5T,2827,32,0
K15VG5U,2828,32,0
K15VG5V,2829,other,0
K15VG5W,2830,other,0
K15VG5X,2831,other,0
K15VG5Y,2832,21,0
K15VG5Z,2833,21,0
K15VG6A,2834,21,0
K15VG6B,2835,21,0
K15VG6C,2836,21,0
K15VG6D,2837,21,0
K15VG6E,2838,21,0
K15VG6F,2839,21,0
K15VG6G,2840,21,0
K15VG6H,2841,21,0
K15VG6J,2842,21,0
K15VG6K,2843,21,0
K15VG6L,2844,21,0
K15VG6M,2845,other,0
K15VG6N,2846,other,0
K15VG6O,2847,other,0
K15VG6P,2848,not_resonant,none
K15VG6Q,2849,not_resonant,none
K15VG6R,2850,other,0
K15VG6S,2851,other,0
K15VG6T,2852,other,0
K15VG6U,2853,other,0
K15VG6V,2854,other,0
K15VG6W,2855,other,0
K15VG6X,2856,other,0
K15VG6Y,2857,other,0
K15VG6Z,2858,other,0
K15VG7A,2859,other,0
K15VG7B,2860,other,0
K15VG7C,2861,other,0
K15VG7D,2862,52,0
K15VG7E,2863,52,0
K15VG7F,2864,52,0
K15VG7G,2865,other,0
K15VG7H,2866,other,0
K15VG7J,2867,other,0
K15VG7K,2868,other,0
K15VG7M,2869,other,0
K15VG7N,2870,other,0
K15VG7O,2871,not_resonant,none
K15VG7P,2872,not_resonant,none
K15VG7Q,2873,not_resonant,none
K15VG7R,2874,other,0
K15VG7S,2875,other,0
K15VG7T,2876,other,0
K15VG7U,2877,not_resonant,none
K15VG7V,2878,not_resonant,none
K15VG7W,2879,not_resonant,none
K15VG7X,2880,not_resonant,none
K15VG7Y,2881,not_resonant,none
K15VG7Z,2882,not_resonant,none
K15VG8A,2883,not_resonant,none
K15VG8B,2884,not_resonant,none
K15VG8C,2885,not_resonant,none
K15VG8D,2886,not_resonant,none
K15VG8E,2887,not_resonant,none
K15VG8F,2888,not_resonant,none
K15VG8G,2889,not_resonant,none
K15VG8H,2890,not_resonant,none
K15VG8J,2891,not_resonant,none
K15VG8K,2892,not_resonant,none
K15VG8L,2893,not_resonant,none
K15VG8M,2894,not_resonant,none
K15VG8N,2895,not_resonant,none
K15VG8O,2896,not_resonant,none
K15VG8P,2897,not_resonant,none
K15VG8Q,2898,not_resonant,none
K15VG8R,2899,not_resonant,none
K15VG8S,2900,not_resonant,none
K15VG8T,2901,not_resonant,none
K15VG8U,2902,not_resonant,none
K15VG8V,2903,not_resonant,none
K15VG8W,2904,not_resonant,none
K15VG8X,2905,not_resonant,none
K15VG8Y,2906,not_resonant,none
K15VG8Z,2907,not_resonant,none
K15VG9A,2908,not_resonant,none
K15VG9B,2909,not_resonant,none
K15VG9C,2910,not_resonant,none
K15VG9D,2911,not_resonant,none
K15VG9E,2912,not_resonant,none
K15VG9F,2913,not_resonant,none
K15VG9G,2914,not_resonant,none
K15VG9H,2915,not_resonant,none
K15VG9J,2916,not_resonant,none
K15VG9K,2917,not_resonant,none
K15VG9L,2918,not_resonant,none
K15VG9M,2919,not_resonant,none
K15VG9R,2920,not_resonant,none
K15VG9S,2921,not_resonant,none
K15VG9T,2922,not_resonant,none
K15VG9U,2923,not_resonant,none
K15VG9V,2924,not_resonant,none
K15VG9W,2925,not_resonant,none
K15VG9X,2926,not_resonant,none
K15VG9Z,2927,not_resonant,none
K15VH0B,2928,not_resonant,none
K15VH0C,2929,not_resonant,none
K15VH0D,2930,not_resonant,none
K15VH0E,2931,not_resonant,none
K15VH0F,2932,not_resonant,none
K15VH0G,2933,not_resonant,none
K15VH0H,2934,not_resonant,none
K15VH0J,2935,not_resonant,none
K15VH0K,2936,not_resonant,none
K15VH0L,2937,not_resonant,none
K15VH0M,2938,not_resonant,none
K15VH0N,2939,not_resonant,none
K15VH0O,2940,not_resonant,none
K15VH0P,2941,not_resonant,none
K15VH0Q,2942,not_resonant,none
K15VH0R,2943,not_resonant,none
K15VH0S,2944,not_resonant,none
K15VH0T,2945,not_resonant,none
K15VH0U,2946,not_resonant,none
K15VH0V,2947,not_resonant,none
K15VH0W,2948,not_resonant,none
K15VH0X,2949,not_resonant,none
K15VH0Y,2950,not_resonant,none
K15VH0Z,2951,not_resonant,none
K15VH1A,2952,not_resonant,none
K15VH1B,2953,not_resonant,none
K15VH1C,2954,not_resonant,none
K15VH1D,2955,not_resonant,none
K15VH1E,2956,not_resonant,none
K15VH1F,2957,not_resonant,none
K15VH1G,2958,not_resonant,none
K15VH1H,2959,not_resonant,none
K15VH1J,2960,not_resonant,none
K15VH1K,2961,not_resonant,none
K15VH1L,2962,not_resonant,none
K15VH1M,2963,not_resonant,none
K15VH1N,2964,not_resonant,none
K15VH1O,2965,not_resonant,none
K15VH1P,2966,not_resonant,none
K15VH1Q,2967,not_resonant,none
K15VH1R,2968,not_resonant,none
K15VH1S,2969,not_resonant,none
K15VH1T,2970,not_resonant,none
K15VH1U,2971,not_resonant,none
K15VH1V,2972,not_resonant,none
K15VH1W,2973,not_resonant,none
K15VH1X,2974,not_resonant,none
K15VH1Y,2975,not_resonant,none
K15VH1Z,2976,not_resonant,none
K15VH2A,2977,not_resonant,none
K15VH2C,2978,not_resonant,none
K15VH2D,2979,not_resonant,none
K15VH2E,2980,not_resonant,none
K15VH2F,2981,not_resonant,none
K15VH2G,2982,not_resonant,none
K15VH2H,2983,not_resonant,none
K15VH2J,2984,not_resonant,none
K15VH2L,2985,not_resonant,none
K15VH2M,2986,not_resonant,none
K15VH2N,2987,not_resonant,none
K15VH2O,2988,not_resonant,none
K15VH2P,2989,not_resonant,none
K15VH2R,2990,not_resonant,none
K15VH2S,2991,not_resonant,none
K15VH2T,2992,not_resonant,none
K15VH2U,2993,not_resonant,none
K15VH2V,2994,not_resonant,none
K15VH2W,2995,not_resonant,none
K15VH2X,2996,not_resonant,none
K15VH2Y,2997,not_resonant,none
K15VH2Z,2998,not_resonant,none
K15VH3A,2999,not_resonant,none
K15VH3B,3000,not_resonant,none
K15VH3C,3001,not_resonant,none
K15VH3D,3002,not_resonant,none
K15VH3E,3003,not_resonant,none
K15VH3F,3004,not_resonant,none
K15VH3G,3005,not_resonant,none
K15VH3H,3006,not_resonant,none
K15VH3J,3007,not_resonant,none
K15VH3K,3008,not_resonant,none
K15VH3L,3009,not_resonant,none
K15VH3M,3010,not_resonant,none
K15VH3N,3011,not_resonant,none
K15VH3O,3012,not_resonant,none
K15VH3Q,3013,not_resonant,none
K15VH3R,3014,not_resonant,none
K15VH3S,3015,not_resonant,none
K15VH3T,3016,not_resonant,none
K15VI1J,3017,not_resonant,none
K15VI4X,3018,not_resonant,none
K15VI4Z,3019,32,0
K15VK2O,3020,32,0
K15VK2P,3021,not_resonant,none
K15VK7Q,3022,not_resonant,none
K15VK7R,3023,not_resonant,none
K15VK7S,3024,not_resonant,none
K15VK7T,3025,not_resonant,none
K15VK7U,3026,other,0
K15VK7V,3027,52,0
K15VK8B,3028,not_resonant,none
K15Xm0O,3029,other,0
K16AR8N,3030,not_resonant,none
K16CS9D,3031,not_resonant,none
K16CW3N,3032,not_resonant,none
K16F58X,3033,not_resonant,none
K16F59L,3034,not_resonant,none
K16F59N,3035,not_resonant,none
K16F60C,3036,other,0
K16F60D,3037,not_resonant,none
K16FG4K,3038,not_resonant,none
K16GR6Z,3039,not_resonant,none
K16GR7B,3040,not_resonant,none
K16L89X,3041,not_resonant,none
K16PL9N,3042,other,0
K16PL9U,3043,not_resonant,none
K16PM0K,3044,not_resonant,none
K16PM0L,3045,not_resonant,none
K16PM0M,3046,not_resonant,none
K16PM0N,3047,not_resonant,none
K16PM0O,3048,not_resonant,none
K16PM0P,3049,not_resonant,none
K16PM0T,3050,not_resonant,none
K16Q85P,3051,not_resonant,none
K16QD3Z,3052,21,0
K16QD4L,3053,not_resonant,none
K16QD4M,3054,not_resonant,none
K16QD4N,3055,other,0
K16QD4O,3056,other,0
K16QD4P,3057,not_resonant,none
K16QD4V,3058,other,0
K16QD4W,3059,not_resonant,none
K16QD4X,3060,not_resonant,none
K16QD4Y,3061,not_resonant,none
K16QD4Z,3062,not_resonant,none
K16QD5A,3063,not_resonant,none
K16QD5B,3064,not_resonant,none
K16QD5C,3065,not_resonant,none
K16QD5D,3066,not_resonant,none
K16QD5E,3067,not_resonant,none
K16QD5F,3068,not_resonant,none
K16QD5G,3069,not_resonant,none
K16R81U,3070,not_resonant,none
K16R81V,3071,not_resonant,none
K16R81X,3072,not_resonant,none
K16R82A,3073,not_resonant,none
K16R82D,3074,not_resonant,none
K16R82F,3075,not_resonant,none
K16R82G,3076,not_resonant,none
K16R82H,3077,not_resonant,none
K16R82J,3078,not_resonant,none
K16R82K,3079,not_resonant,none
K16R82L,3080,other,0
K16R82M,3081,not_resonant,none
K16R82O,3082,not_resonant,none
K16R82P,3083,other,0
K16R82Q,3084,not_resonant,none
K16R82R,3085,not_resonant,none
K16R82S,3086,not_resonant,none
K16R82T,3087,not_resonant,none
K16R82W,3088,not_resonant,none
K16R82X,3089,not_resonant,none
K16S46S,3090,not_resonant,none
K16S55Q,3091,not_resonant,none
K16S55S,3092,not_resonant,none
K16S55U,3093,not_resonant,none
K16S55Y,3094,32,0
K16S56A,3095,not_resonant,none
K16S56B,3096,not_resonant,none
K16S56E,3097,other,0
K16S56K,3098,not_resonant,none
K16S56N,3099,not_resonant,none
K16S56O,3100,other,0
K16S56P,3101,not_resonant,none
K16S56U,3102,not_resonant,none
K16S56Y,3103,not_resonant,none
K16S57F,3104,32,0
K16S57J,3105,other,0
K16S57U,3106,not_resonant,none
K16S57W,3107,not_resonant,none
K16S58E,3108,not_resonant,none
K16S58J,3109,other,0
K16S58Q,3110,other,0
K16S58R,3111,other,0
K16S58V,3112,not_resonant,none
K16S59C,3113,not_resonant,none
K16SA5J,3114,not_resonant,none
K16SA5R,3115,not_resonant,none
K16SA5W,3116,other,0
K16SA5X,3117,not_resonant,none
K16SA5Y,3118,other,0
K16SA5Z,3119,not_resonant,none
K16SA6B,3120,not_resonant,none
K16T94S,3121,32,0
K16T94T,3122,not_resonant,none
K16T94W,3123,not_resonant,none
K16T94Y,3124,not_resonant,none
K16T94Z,3125,not_resonant,none
K16T95A,3126,other,0
K16TH6L,3127,not_resonant,none
K16TH6M,3128,not_resonant,none
K16UR3L,3129,not_resonant,none
K16UR3O,3130,21,0
K16UR3P,3131,not_resonant,none
K16UR3Q,3132,not_resonant,none
K16W75B,3133,not_resonant,none
K16X34O,3134,not_resonant,none
K17DC1M,3135,not_resonant,none
K17DC1N,3136,21,0
K17FG1O,3137,other,0
K17FG1Q,3138,21,0
K17FH3E,3139,not_resonant,none
K17O69F,3140,32,0
K17O69G,3141,not_resonant,none
K17O69K,3142,not_resonant,none
K17OG6W,3143,32,0
K17QD1Q,3144,not_resonant,none
K17QD1U,3145,not_resonant,none
K17RD7Y,3146,not_resonant,none
K17RD7Z,3147,not_resonant,none
K17SR7E,3148,other,0
K17SR9E,3149,not_resonant,none
K17U51X,3150,not_resonant,none
K17V34O,3151,not_resonant,none
K17W30H,3152,not_resonant,none
K17Y03K,3153,32,0
K17Y05G,3154,not_resonant,none
K18A18X,3155,not_resonant,none
K18A18Z,3156,not_resonant,none
K18A39H,3157,not_resonant,none
K18A39K,3158,not_resonant,none
K18M13F,3159,other,0
K18V18G,3160,other,0
K19A77C,3161,not_resonant,none
K19E05T,3162,not_resonant,none
K19G23J,3163,not_resonant,none
K19GE0M,3164,other,0
K19QA9S,3165,not_resonant,none
K19QA9T,3166,not_resonant,none
K19QA9U,3167,not_resonant,none
K19QA9V,3168,not_resonant,none
K19QA9Y,3169,not_resonant,none
K19QA9Z,3170,not_resonant,none
K19QB0A,3171,not_resonant,none
K19QB0B,3172,not_resonant,none
K19QB0D,3173,not_resonant,none
K19QB0G,3174,not_resonant,none
K19QB0H,3175,not_resonant,none
K19QB0K,3176,21,0
K19QB0L,3177,not_resonant,none
K19QB0M,3178,not_resonant,none
K19QB0N,3179,not_resonant,none
K19QB0O,3180,not_resonant,none
K19QB0P,3181,not_resonant,none
K19QB0Q,3182,not_resonant,none
K19QB0R,3183,not_resonant,none
K19QB0S,3184,not_resonant,none
K19QB0T,3185,not_resonant,none
K19QB0U,3186,not_resonant,none
K19QB0V,3187,not_resonant,none
K19QB0X,3188,not_resonant,none
K19QB0Y,3189,not_resonant,none
K19QB0Z,3190,32,0
K19QB1A,3191,not_resonant,none
K19QB1B,3192,not_resonant,none
K19QB1D,3193,not_resonant,none
K19QB1E,3194,not_resonant,none
K19QB1F,3195,not_resonant,none
K19QB1G,3196,not_resonant,none
K19QB1H,3197,not_resonant,none
K19QB1L,3198,not_resonant,none
K19QB1N,3199,not_resonant,none
K19QB1P,3200,not_resonant,none
K19QB1T,3201,not_resonant,none
K19R04O,3202,not_resonant,none
K19SE9S,3203,not_resonant,none
K19SK4O,3204,not_resonant,none
K19SN5B,3205,not_resonant,none
K19SN5H,3206,not_resonant,none
K19SN5J,3207,not_resonant,none
K19SN5N,3208,not_resonant,none
K19SN5O,3209,not_resonant,none
K19SN5P,3210,not_resonant,none
K19T07X,3211,not_resonant,none
K19U12H,3212,not_resonant,none
K20B63Q,3213,not_resonant,none
K20B94Z,3214,not_resonant,none
K20B95A,3215,not_resonant,none
K20B95B,3216,not_resonant,none
K20BA1Y,3217,not_resonant,none
K20BA2F,3218,not_resonant,none
K20C03M,3219,not_resonant,none
K20D05D,3220,not_resonant,none
K20D06H,3221,not_resonant,none
K20D06J,3222,not_resonant,none
K20F31B,3223,other,0
K20F40P,3224,not_resonant,none
K20F40Q,3225,not_resonant,none
K20F40R,3226,not_resonant,none
K20K11Q,3227,other,0
K20K11S,3228,not_resonant,none
K20K11V,3229,not_resonant,none
K20K54E,3230,32,0
K20K56J,3231,not_resonant,none
K20Q83H,3232,32,0
K20S35E,3233,other,0
K20U73X,3234,not_resonant,none
K20U73Y,3235,not_resonant,none
K20U73Z,3236,not_resonant,none
K20U74A,3237,not_resonant,none
K20U74C,3238,not_resonant,none
K20U74D,3239,not_resonant,none
K20U74E,3240,not_resonant,none
K20U74F,3241,not_resonant,none
K20V26L,3242,not_resonant,none
K21B15K,3243,not_resonant,none
K21C46J,3244,not_resonant,none
K21C46K,3245,other,0
K21C46L,3246,not_resonant,none
K21D15M,3247,not_resonant,none
K21D15N,3248,not_resonant,none
K21D15O,3249,not_resonant,none
K21D15P,3250,not_resonant,none
K21D15Q,3251,52,0
K21D15R,3252,not_resonant,none
K21D15S,3253,not_resonant,none
K21D17G,3254,not_resonant,none
K21D17H,3255,not_resonant,none
K21D17J,3256,not_resonant,none
K21D19N,3257,not_resonant,none
K21F54Q,3258,not_resonant,none
K21GC2U,3259,not_resonant,none
K21GC2V,3260,other,0
K21GC2W,3261,not_resonant,none
K21L37L,3262,not_resonant,none
K21L43N,3263,21,0
K21L43U,3264,not_resonant,none
K21Q98F,3265,not_resonant,none
K21Q98G,3266,not_resonant,none
K21Q98H,3267,not_resonant,none
K21RK9V,3268,not_resonant,none
K21RN6U,3269,not_resonant,none
K21RN6V,3270,not_resonant,none
K21RN6W,3271,not_resonant,none
K21RN6X,3272,not_resonant,none
K21RN6Y,3273,not_resonant,none
K21RN6Z,3274,not_resonant,none
K21RN7A,3275,not_resonant,none
K21RN7B,3276,not_resonant,none
K21RN7C,3277,not_resonant,none
K21RN7D,3278,not_resonant,none
K21RN7E,3279,not_resonant,none
K21RN7F,3280,not_resonant,none
K21RN7G,3281,not_resonant,none
K21RN7H,3282,not_resonant,none
K21RN7J,3283,not_resonant,none
K21RN7K,3284,not_resonant,none
K21RN7L,3285,not_resonant,none
K21RN7M,3286,32,0
K21RN7N,3287,not_resonant,none
K21RN7R,3288,not_resonant,none
K21RN7S,3289,not_resonant,none
K21RN7T,3290,32,0
K21RN7V,3291,not_resonant,none
K21RN7W,3292,not_resonant,none
K21RN7X,3293,not_resonant,none
K21TG5H,3294,not_resonant,none
K21TJ1P,3295,not_resonant,none
K21X07D,3296,not_resonant,none
K22F06R,3297,not_resonant,none
K22F07A,3298,other,0
K22F09H,3299,not_resonant,none
K22F12G,3300,not_resonant,none
K22F12K,3301,not_resonant,none
K22G03Y,3302,other,0
K22G03Z,3303,not_resonant,none
K22G04P,3304,not_resonant,none
K22G06V,3305,not_resonant,none
K22G07G,3306,not_resonant,none
K22H01E,3307,not_resonant,none
K22H19Q,3308,other,0
K22L02V,3309,not_resonant,none
K22L16K,3310,not_resonant,none
K22QQ1D,3311,not_resonant,none
K22QQ1E,3312,not_resonant,none
K22QQ1F,3313,not_resonant,none
K22U10N,3314,not_resonant,none
